frame,time,nearest_beat,beat_error_ms
20,0.6667,0.656,10.7
58,1.9333,2.156,222.7
62,2.0667,2.156,89.3
75,2.5,2.656,156.0
78,2.6,2.656,56.0
90,3.0,3.156,156.0
92,3.0667,3.156,89.3
102,3.4,3.156,244.0
117,3.9,3.656,244.0
119,3.9667,4.156,189.3
165,5.5,5.656,156.0
179,5.9667,6.156,189.3
210,7.0,7.156,156.0
258,8.6,8.656,56.0
260,8.6667,8.656,10.7
272,9.0667,9.156,89.3
287,9.5667,9.656,89.3
313,10.4333,10.656,222.7
325,10.8333,10.656,177.3
338,11.2667,11.156,110.7
350,11.6667,11.656,10.7
362,12.0667,12.156,89.3
365,12.1667,12.156,10.7
373,12.4333,12.656,222.7
377,12.5667,12.656,89.3
380,12.6667,12.656,10.7
384,12.8,12.656,144.0
392,13.0667,13.156,89.3
403,13.4333,13.656,222.7
407,13.5667,13.656,89.3
410,13.6667,13.656,10.7
414,13.8,13.656,144.0
427,14.2333,14.156,77.3
449,14.9667,15.156,189.3
474,15.8,15.656,144.0
487,16.2333,16.156,77.3
525,17.5,17.656,156.0
545,18.1667,18.156,10.7
