frame,time,mean_luma_diff
0.000000000000000000e+00,0.000000000000000000e+00,0.000000000000000000e+00
1.000000000000000000e+00,3.333333333333333287e-02,4.631076388888888951e-01
2.000000000000000000e+00,6.666666666666666574e-02,8.532986111111111605e-01
3.000000000000000000e+00,1.000000000000000056e-01,1.656757269965277857e+01
4.000000000000000000e+00,1.333333333333333315e-01,4.302842881944444198e-01
5.000000000000000000e+00,1.666666666666666574e-01,1.850244140625000000e+01
6.000000000000000000e+00,2.000000000000000111e-01,6.974826388888888395e-01
7.000000000000000000e+00,2.333333333333333370e-01,7.486707899305555802e-01
8.000000000000000000e+00,2.666666666666666630e-01,1.727943250868055713e+01
9.000000000000000000e+00,2.999999999999999889e-01,6.308051215277777901e-01
1.000000000000000000e+01,3.333333333333333148e-01,2.252848307291666519e+00
1.100000000000000000e+01,3.666666666666666408e-01,7.872450086805555802e-01
1.200000000000000000e+01,4.000000000000000222e-01,8.230143229166666075e+00
1.300000000000000000e+01,4.333333333333333481e-01,6.976996527777777901e-01
1.400000000000000000e+01,4.666666666666666741e-01,7.819824218750000000e-01
1.500000000000000000e+01,5.000000000000000000e-01,6.638726128472222099e-01
1.600000000000000000e+01,5.333333333333333259e-01,8.608669704861111605e-01
1.700000000000000000e+01,5.666666666666666519e-01,6.960177951388888395e-01
1.800000000000000000e+01,5.999999999999999778e-01,2.094837782118055713e+01
1.900000000000000000e+01,6.333333333333333037e-01,4.112955729166666852e-01
2.000000000000000000e+01,6.666666666666666297e-01,4.297488064236111427e+01
2.100000000000000000e+01,6.999999999999999556e-01,1.988389756944444475e-01
2.200000000000000000e+01,7.333333333333332815e-01,3.564995659722222099e-01
2.300000000000000000e+01,7.666666666666667185e-01,2.328295898437500000e+01
2.400000000000000000e+01,8.000000000000000444e-01,1.371256510416666574e-01
2.500000000000000000e+01,8.333333333333333703e-01,2.617542860243055713e+01
2.600000000000000000e+01,8.666666666666666963e-01,1.133897569444444406e-02
2.700000000000000000e+01,9.000000000000000222e-01,4.248046875000000000e-02
2.800000000000000000e+01,9.333333333333333481e-01,3.443839518229166430e+01
2.900000000000000000e+01,9.666666666666666741e-01,1.202528211805555525e-01
3.000000000000000000e+01,1.000000000000000000e+00,2.415657552083333215e+01
3.100000000000000000e+01,1.033333333333333437e+00,2.497558593750000000e-01
3.200000000000000000e+01,1.066666666666666652e+00,3.917643229166666852e-01
3.300000000000000000e+01,1.100000000000000089e+00,3.040568033854166785e+01
3.400000000000000000e+01,1.133333333333333304e+00,1.389648437500000000e+00
3.500000000000000000e+01,1.166666666666666741e+00,3.307478841145833570e+01
3.600000000000000000e+01,1.199999999999999956e+00,5.924479166666666297e-01
3.700000000000000000e+01,1.233333333333333393e+00,5.627170138888888395e-01
3.800000000000000000e+01,1.266666666666666607e+00,6.258409288194444198e-01
3.900000000000000000e+01,1.300000000000000044e+00,1.610283745659722143e+01
4.000000000000000000e+01,1.333333333333333259e+00,5.346679687500000000e-01
4.100000000000000000e+01,1.366666666666666696e+00,6.199815538194444198e-01
4.200000000000000000e+01,1.399999999999999911e+00,5.625271267361111605e-01
4.300000000000000000e+01,1.433333333333333348e+00,1.516156684027777857e+01
4.400000000000000000e+01,1.466666666666666563e+00,5.904947916666666297e-01
4.500000000000000000e+01,1.500000000000000000e+00,1.042154947916666741e+00
4.600000000000000000e+01,1.533333333333333437e+00,6.249457465277777901e-01
4.700000000000000000e+01,1.566666666666666652e+00,1.242252604166666607e+01
4.800000000000000000e+01,1.600000000000000089e+00,4.962022569444444198e-01
4.900000000000000000e+01,1.633333333333333304e+00,9.118869357638889284e+00
5.000000000000000000e+01,1.666666666666666741e+00,5.506727430555555802e-01
5.100000000000000000e+01,1.699999999999999956e+00,6.636555989583333703e-01
5.200000000000000000e+01,1.733333333333333393e+00,6.285536024305555802e-01
5.300000000000000000e+01,1.766666666666666607e+00,5.760362413194444198e-01
5.400000000000000000e+01,1.800000000000000044e+00,1.625434027777777901e-01
5.500000000000000000e+01,1.833333333333333259e+00,3.180447048611111160e+00
5.600000000000000000e+01,1.866666666666666696e+00,4.773464626736110716e+00
5.700000000000000000e+01,1.899999999999999911e+00,1.133631727430555536e+01
5.800000000000000000e+01,1.933333333333333348e+00,7.268600802951388573e+01
5.900000000000000000e+01,1.966666666666666563e+00,1.332628038194444420e+00
6.000000000000000000e+01,2.000000000000000000e+00,4.833607313368055713e+01
6.100000000000000000e+01,2.033333333333333215e+00,8.218706597222222854e+01
6.200000000000000000e+01,2.066666666666666874e+00,9.179096137152777146e+01
6.300000000000000000e+01,2.100000000000000089e+00,5.433892144097222321e+00
6.400000000000000000e+01,2.133333333333333304e+00,8.565809461805555802e-01
6.500000000000000000e+01,2.166666666666666519e+00,7.996582031250000000e+00
6.600000000000000000e+01,2.200000000000000178e+00,6.420898437500000000e-02
6.700000000000000000e+01,2.233333333333333393e+00,1.591796875000000000e-01
6.800000000000000000e+01,2.266666666666666607e+00,1.227910698784722143e+01
6.900000000000000000e+01,2.299999999999999822e+00,8.561197916666667129e-02
7.000000000000000000e+01,2.333333333333333481e+00,4.233696831597222321e+00
7.100000000000000000e+01,2.366666666666666696e+00,7.628038194444444753e-02
7.200000000000000000e+01,2.399999999999999911e+00,1.809895833333333426e-01
7.300000000000000000e+01,2.433333333333333126e+00,1.668023003472222099e-01
7.400000000000000000e+01,2.466666666666666785e+00,1.362575954861111049e-01
7.500000000000000000e+01,2.500000000000000000e+00,6.491457790798611427e+01
7.600000000000000000e+01,2.533333333333333215e+00,5.506727430555555941e-03
7.700000000000000000e+01,2.566666666666666874e+00,2.170138888888888768e-04
7.800000000000000000e+01,2.600000000000000089e+00,8.413815646701388573e+01
7.900000000000000000e+01,2.633333333333333304e+00,1.592881944444444475e-01
8.000000000000000000e+01,2.666666666666666519e+00,5.982883029513889284e+00
8.100000000000000000e+01,2.700000000000000178e+00,2.156846788194444475e-01
8.200000000000000000e+01,2.733333333333333393e+00,3.620334201388888951e-01
8.300000000000000000e+01,2.766666666666666607e+00,3.872884114583333148e-01
8.400000000000000000e+01,2.799999999999999822e+00,5.953369140625000000e+00
8.500000000000000000e+01,2.833333333333333481e+00,2.355685763888888951e-01
8.600000000000000000e+01,2.866666666666666696e+00,2.614203559027777901e-01
8.700000000000000000e+01,2.899999999999999911e+00,2.846842447916666519e+00
8.800000000000000000e+01,2.933333333333333126e+00,2.764214409722222099e-01
8.900000000000000000e+01,2.966666666666666785e+00,2.899576822916666852e-01
9.000000000000000000e+01,3.000000000000000000e+00,8.420876736111111427e+01
9.100000000000000000e+01,3.033333333333333215e+00,5.696614583333333695e-04
9.200000000000000000e+01,3.066666666666666874e+00,5.681553819444444287e+01
9.300000000000000000e+01,3.100000000000000089e+00,5.121527777777777624e-02
9.400000000000000000e+01,3.133333333333333304e+00,3.079427083333333148e-01
9.500000000000000000e+01,3.166666666666666519e+00,3.346082899305555802e-01
9.600000000000000000e+01,3.200000000000000178e+00,2.895779079861111049e-01
9.700000000000000000e+01,3.233333333333333393e+00,1.723768446180555580e+00
9.800000000000000000e+01,3.266666666666666607e+00,1.235351562500000000e-01
9.900000000000000000e+01,3.299999999999999822e+00,1.993001302083333426e-01
1.000000000000000000e+02,3.333333333333333481e+00,3.046603732638888951e-01
1.010000000000000000e+02,3.366666666666666696e+00,2.239312065972222099e-01
1.020000000000000000e+02,3.399999999999999911e+00,5.654248046875000000e+01
1.030000000000000000e+02,3.433333333333333126e+00,5.405658637152777857e+01
1.040000000000000000e+02,3.466666666666666785e+00,8.550347222222222376e-02
1.050000000000000000e+02,3.500000000000000000e+00,1.155354817708333259e+00
1.060000000000000000e+02,3.533333333333333215e+00,2.694769965277777901e-01
1.070000000000000000e+02,3.566666666666666874e+00,3.433702256944444198e-01
1.080000000000000000e+02,3.600000000000000089e+00,1.720920138888888840e+00
1.090000000000000000e+02,3.633333333333333304e+00,2.159288194444444475e-01
1.100000000000000000e+02,3.666666666666666519e+00,2.761773003472222099e-01
1.110000000000000000e+02,3.700000000000000178e+00,3.634711371527777901e-01
1.120000000000000000e+02,3.733333333333333393e+00,3.215603298611111049e-01
1.130000000000000000e+02,3.766666666666666607e+00,1.854736328125000000e+00
1.140000000000000000e+02,3.799999999999999822e+00,1.522623697916666574e-01
1.150000000000000000e+02,3.833333333333333481e+00,3.158637152777777901e-01
1.160000000000000000e+02,3.866666666666666696e+00,2.467176649305555525e-01
1.170000000000000000e+02,3.899999999999999911e+00,5.398375108506944287e+01
1.180000000000000000e+02,3.933333333333333126e+00,9.765625000000000000e-04
1.190000000000000000e+02,3.966666666666666785e+00,7.624696180555555713e+01
1.200000000000000000e+02,4.000000000000000000e+00,2.019856770833333426e-01
1.210000000000000000e+02,4.033333333333333215e+00,6.837836371527777901e-01
1.220000000000000000e+02,4.066666666666666430e+00,3.996283637152777857e+01
1.230000000000000000e+02,4.099999999999999645e+00,1.830512152777777901e-01
1.240000000000000000e+02,4.133333333333333748e+00,3.469170464409722143e+01
1.250000000000000000e+02,4.166666666666666963e+00,2.075466579861111049e-01
1.260000000000000000e+02,4.200000000000000178e+00,4.063585069444444198e-01
1.270000000000000000e+02,4.233333333333333393e+00,3.718598090277777857e+01
1.280000000000000000e+02,4.266666666666666607e+00,1.107855902777777762e-01
1.290000000000000000e+02,4.299999999999999822e+00,2.284190538194444287e+01
1.300000000000000000e+02,4.333333333333333037e+00,5.305772569444444642e+00
1.310000000000000000e+02,4.366666666666666252e+00,1.486545138888888951e-01
1.320000000000000000e+02,4.400000000000000355e+00,1.284179687500000000e-01
1.330000000000000000e+02,4.433333333333333570e+00,2.500922309027777679e+00
1.340000000000000000e+02,4.466666666666666785e+00,2.236056857638888951e-01
1.350000000000000000e+02,4.500000000000000000e+00,1.366373697916666574e-01
1.360000000000000000e+02,4.533333333333333215e+00,1.449381510416666574e-01
1.370000000000000000e+02,4.566666666666666430e+00,1.462944878472222099e-01
1.380000000000000000e+02,4.599999999999999645e+00,1.646864149305555525e-01
1.390000000000000000e+02,4.633333333333333748e+00,1.618109809027777901e-01
1.400000000000000000e+02,4.666666666666666963e+00,1.580078125000000000e+00
1.410000000000000000e+02,4.700000000000000178e+00,1.531846788194444475e-01
1.420000000000000000e+02,4.733333333333333393e+00,1.496853298611111049e-01
1.430000000000000000e+02,4.766666666666666607e+00,1.621093750000000000e-01
1.440000000000000000e+02,4.799999999999999822e+00,1.510416666666666574e-01
1.450000000000000000e+02,4.833333333333333037e+00,1.196560329861111049e-01
1.460000000000000000e+02,4.866666666666666252e+00,1.647677951388888951e-01
1.470000000000000000e+02,4.900000000000000355e+00,2.649197048611111049e-01
1.480000000000000000e+02,4.933333333333333570e+00,1.113742404513888840e+00
1.490000000000000000e+02,4.966666666666666785e+00,2.414442274305555358e+00
1.500000000000000000e+02,5.000000000000000000e+00,1.630045572916666574e-01
1.510000000000000000e+02,5.033333333333333215e+00,1.800401475694444475e-01
1.520000000000000000e+02,5.066666666666666430e+00,3.748019748263888840e+00
1.530000000000000000e+02,5.099999999999999645e+00,1.592068142361111049e-01
1.540000000000000000e+02,5.133333333333333748e+00,3.802137586805555358e+00
1.550000000000000000e+02,5.166666666666666963e+00,1.653103298611111049e-01
1.560000000000000000e+02,5.200000000000000178e+00,2.125108506944444475e-01
1.570000000000000000e+02,5.233333333333333393e+00,2.161458333333333426e-01
1.580000000000000000e+02,5.266666666666666607e+00,1.928168402777777901e-01
1.590000000000000000e+02,5.299999999999999822e+00,2.161729600694444475e-01
1.600000000000000000e+02,5.333333333333333037e+00,1.774359809027777901e-01
1.610000000000000000e+02,5.366666666666666252e+00,2.052137586805555525e-01
1.620000000000000000e+02,5.400000000000000355e+00,2.088216145833333426e-01
1.630000000000000000e+02,5.433333333333333570e+00,3.989067925347222321e+00
1.640000000000000000e+02,5.466666666666666785e+00,9.128662109375000000e+00
1.650000000000000000e+02,5.500000000000000000e+00,8.091905381944444287e+01
1.660000000000000000e+02,5.533333333333333215e+00,4.245887586805555713e+01
1.670000000000000000e+02,5.566666666666666430e+00,3.982478841145833570e+01
1.680000000000000000e+02,5.599999999999999645e+00,8.226399739583333925e+00
1.690000000000000000e+02,5.633333333333333748e+00,1.490228949652777857e+01
1.700000000000000000e+02,5.666666666666666963e+00,3.230794270833333565e-02
1.710000000000000000e+02,5.700000000000000178e+00,2.658420138888888985e-03
1.720000000000000000e+02,5.733333333333333393e+00,4.448784722222222029e-03
1.730000000000000000e+02,5.766666666666666607e+00,7.849066840277777679e+00
1.740000000000000000e+02,5.799999999999999822e+00,1.529947916666666609e-02
1.750000000000000000e+02,5.833333333333333037e+00,1.763237847222222246e-03
1.760000000000000000e+02,5.866666666666666252e+00,3.478651258680555358e+00
1.770000000000000000e+02,5.900000000000000355e+00,1.279394531250000000e+01
1.780000000000000000e+02,5.933333333333333570e+00,7.514640299479167140e+01
1.790000000000000000e+02,5.966666666666666785e+00,8.700648328993055713e+01
1.800000000000000000e+02,6.000000000000000000e+00,7.700767686631944287e+01
1.810000000000000000e+02,6.033333333333333215e+00,1.114908854166666741e+00
1.820000000000000000e+02,6.066666666666666430e+00,7.550184461805555802e-01
1.830000000000000000e+02,6.099999999999999645e+00,1.484456380208333259e+00
1.840000000000000000e+02,6.133333333333333748e+00,7.668457031250000000e-01
1.850000000000000000e+02,6.166666666666666963e+00,1.146394856770833393e+01
1.860000000000000000e+02,6.200000000000000178e+00,8.251681857638888395e-01
1.870000000000000000e+02,6.233333333333333393e+00,8.722059461805555802e-01
1.880000000000000000e+02,6.266666666666666607e+00,9.957329644097221433e+00
1.890000000000000000e+02,6.299999999999999822e+00,8.209092881944444198e-01
1.900000000000000000e+02,6.333333333333333037e+00,1.121150716145833393e+01
1.910000000000000000e+02,6.366666666666666252e+00,8.221571180555555802e-01
1.920000000000000000e+02,6.400000000000000355e+00,8.139105902777777901e-01
1.930000000000000000e+02,6.433333333333333570e+00,1.699560546875000000e+01
1.940000000000000000e+02,6.466666666666666785e+00,1.452094184027777679e+00
1.950000000000000000e+02,6.500000000000000000e+00,7.801378038194444198e-01
1.960000000000000000e+02,6.533333333333333215e+00,7.506510416666666297e-01
1.970000000000000000e+02,6.566666666666666430e+00,8.297661675347221433e+00
1.980000000000000000e+02,6.599999999999999645e+00,8.390028211805555802e-01
1.990000000000000000e+02,6.633333333333333748e+00,9.396430121527777901e-01
2.000000000000000000e+02,6.666666666666666963e+00,1.193435329861111072e+01
2.010000000000000000e+02,6.700000000000000178e+00,1.236382378472222321e+00
2.020000000000000000e+02,6.733333333333333393e+00,1.299750434027777679e+00
2.030000000000000000e+02,6.766666666666666607e+00,1.196261935763888840e+00
2.040000000000000000e+02,6.799999999999999822e+00,1.577240668402777857e+01
2.050000000000000000e+02,6.833333333333333037e+00,1.219590928819444420e+00
2.060000000000000000e+02,6.866666666666666252e+00,1.266927083333333259e+00
2.070000000000000000e+02,6.900000000000000355e+00,5.038519965277777901e-01
2.080000000000000000e+02,6.933333333333333570e+00,1.278694661458333393e+01
2.090000000000000000e+02,6.966666666666666785e+00,1.467041015625000000e+01
2.100000000000000000e+02,7.000000000000000000e+00,6.362342664930555713e+01
2.110000000000000000e+02,7.033333333333333215e+00,4.736941189236111427e+01
2.120000000000000000e+02,7.066666666666666430e+00,4.606521267361111427e+01
2.130000000000000000e+02,7.099999999999999645e+00,1.642453342013888928e+01
2.140000000000000000e+02,7.133333333333333748e+00,2.086669921875000000e+00
2.150000000000000000e+02,7.166666666666666963e+00,7.969509548611110716e+00
2.160000000000000000e+02,7.200000000000000178e+00,6.055230034722222099e-01
2.170000000000000000e+02,7.233333333333333393e+00,6.919487847222222099e-01
2.180000000000000000e+02,7.266666666666666607e+00,1.068633355034722143e+01
2.190000000000000000e+02,7.299999999999999822e+00,6.466200086805555802e-01
2.200000000000000000e+02,7.333333333333333037e+00,8.434244791666666297e-01
2.210000000000000000e+02,7.366666666666666252e+00,6.951768663194444198e-01
2.220000000000000000e+02,7.400000000000000355e+00,7.503797743055555802e-01
2.230000000000000000e+02,7.433333333333333570e+00,6.945800781250000000e-01
2.240000000000000000e+02,7.466666666666666785e+00,1.645860460069444420e+00
2.250000000000000000e+02,7.500000000000000000e+00,1.253092447916666741e+00
2.260000000000000000e+02,7.533333333333333215e+00,7.626953125000000000e-01
2.270000000000000000e+02,7.566666666666666430e+00,6.656901041666666297e-01
2.280000000000000000e+02,7.599999999999999645e+00,7.441406250000000000e-01
2.290000000000000000e+02,7.633333333333333748e+00,6.494411892361111605e-01
2.300000000000000000e+02,7.666666666666666963e+00,1.252349175347222143e+01
2.310000000000000000e+02,7.700000000000000178e+00,4.644911024305555802e-01
2.320000000000000000e+02,7.733333333333333393e+00,5.367296006944444198e-01
2.330000000000000000e+02,7.766666666666666607e+00,1.173597547743055536e+01
2.340000000000000000e+02,7.799999999999999822e+00,4.304470486111111049e-01
2.350000000000000000e+02,7.833333333333333037e+00,1.279098849826388928e+01
2.360000000000000000e+02,7.866666666666666252e+00,6.421169704861111605e-01
2.370000000000000000e+02,7.900000000000000355e+00,6.651204427083333703e-01
2.380000000000000000e+02,7.933333333333333570e+00,4.166015625000000000e+00
2.390000000000000000e+02,7.966666666666666785e+00,7.049967447916666297e-01
2.400000000000000000e+02,8.000000000000000000e+00,6.766221788194444198e-01
2.410000000000000000e+02,8.033333333333333215e+00,1.602213541666666741e+00
2.420000000000000000e+02,8.066666666666666430e+00,5.805392795138888395e-01
2.430000000000000000e+02,8.099999999999999645e+00,1.825914171006944287e+01
2.440000000000000000e+02,8.133333333333332860e+00,4.410807291666666852e-01
2.450000000000000000e+02,8.166666666666666075e+00,5.860188802083333703e-01
2.460000000000000000e+02,8.199999999999999289e+00,5.689832899305555802e-01
2.470000000000000000e+02,8.233333333333332504e+00,1.539073350694444464e+01
2.480000000000000000e+02,8.266666666666667496e+00,3.923068576388888951e-01
2.490000000000000000e+02,8.300000000000000711e+00,1.399034288194444420e+00
2.500000000000000000e+02,8.333333333333333925e+00,1.097208658854166607e+01
2.510000000000000000e+02,8.366666666666667140e+00,3.394368489583333148e-01
2.520000000000000000e+02,8.400000000000000355e+00,4.908311631944444198e-01
2.530000000000000000e+02,8.433333333333333570e+00,3.722059461805555802e-01
2.540000000000000000e+02,8.466666666666666785e+00,1.114599609375000000e+01
2.550000000000000000e+02,8.500000000000000000e+00,2.336154513888888951e-01
2.560000000000000000e+02,8.533333333333333215e+00,5.066189236111111605e-01
2.570000000000000000e+02,8.566666666666666430e+00,2.334445529513888928e+01
2.580000000000000000e+02,8.599999999999999645e+00,4.744384765625000000e+01
2.590000000000000000e+02,8.633333333333332860e+00,3.251633029513888573e+01
2.600000000000000000e+02,8.666666666666666075e+00,4.439344618055555713e+01
2.610000000000000000e+02,8.699999999999999289e+00,1.008572048611111049e-01
2.620000000000000000e+02,8.733333333333332504e+00,4.187961154513888573e+01
2.630000000000000000e+02,8.766666666666667496e+00,1.845488823784722143e+01
2.640000000000000000e+02,8.800000000000000711e+00,9.787814670138889284e+00
2.650000000000000000e+02,8.833333333333333925e+00,4.477539062500000000e-01
2.660000000000000000e+02,8.866666666666667140e+00,3.712565104166666852e-01
2.670000000000000000e+02,8.900000000000000355e+00,4.084201388888888951e-01
2.680000000000000000e+02,8.933333333333333570e+00,1.967881944444444420e+00
2.690000000000000000e+02,8.966666666666666785e+00,5.505371093750000000e+00
2.700000000000000000e+02,9.000000000000000000e+00,8.375895182291666075e+00
2.710000000000000000e+02,9.033333333333333215e+00,1.573920355902777857e+01
2.720000000000000000e+02,9.066666666666666430e+00,5.441007486979166430e+01
2.730000000000000000e+02,9.099999999999999645e+00,2.146519639756944287e+01
2.740000000000000000e+02,9.133333333333332860e+00,4.295901150173611427e+01
2.750000000000000000e+02,9.166666666666666075e+00,5.075349934895833570e+01
2.760000000000000000e+02,9.199999999999999289e+00,1.342776150173611072e+01
2.770000000000000000e+02,9.233333333333332504e+00,1.469590928819444420e+00
2.780000000000000000e+02,9.266666666666667496e+00,3.913319227430555713e+01
2.790000000000000000e+02,9.300000000000000711e+00,1.983127170138888840e+00
2.800000000000000000e+02,9.333333333333333925e+00,4.136680772569444287e+01
2.810000000000000000e+02,9.366666666666667140e+00,9.289008246527777901e-01
2.820000000000000000e+02,9.400000000000000355e+00,1.166639539930555580e+00
2.830000000000000000e+02,9.433333333333333570e+00,2.762247721354166785e+01
2.840000000000000000e+02,9.466666666666666785e+00,5.670572916666666297e-01
2.850000000000000000e+02,9.500000000000000000e+00,7.307942708333333703e-01
2.860000000000000000e+02,9.533333333333333215e+00,8.878851996527777901e-01
2.870000000000000000e+02,9.566666666666666430e+00,9.245477973090277146e+01
2.880000000000000000e+02,9.599999999999999645e+00,1.885850694444444475e-01
2.890000000000000000e+02,9.633333333333332860e+00,5.157606336805555802e-01
2.900000000000000000e+02,9.666666666666666075e+00,7.487196180555555358e+00
2.910000000000000000e+02,9.699999999999999289e+00,2.185872395833333426e-01
2.920000000000000000e+02,9.733333333333332504e+00,1.606743706597222321e+00
2.930000000000000000e+02,9.766666666666667496e+00,4.279730902777777679e+00
2.940000000000000000e+02,9.800000000000000711e+00,3.311089409722222099e-01
2.950000000000000000e+02,9.833333333333333925e+00,5.832845052083333037e+00
2.960000000000000000e+02,9.866666666666667140e+00,1.959906684027777901e-01
2.970000000000000000e+02,9.900000000000000355e+00,4.054633246527777901e-01
2.980000000000000000e+02,9.933333333333333570e+00,3.486328125000000000e-01
2.990000000000000000e+02,9.966666666666666785e+00,7.952609592013889284e+00
3.000000000000000000e+02,1.000000000000000000e+01,1.420627170138888951e-01
3.010000000000000000e+02,1.003333333333333321e+01,4.920247395833333148e-01
3.020000000000000000e+02,1.006666666666666643e+01,3.040635850694444198e-01
3.030000000000000000e+02,1.009999999999999964e+01,7.032389322916666963e+00
3.040000000000000000e+02,1.013333333333333286e+01,9.548068576388888395e-01
3.050000000000000000e+02,1.016666666666666607e+01,4.556477864583333148e-01
3.060000000000000000e+02,1.019999999999999929e+01,1.338975694444444475e-01
3.070000000000000000e+02,1.023333333333333250e+01,6.146131727430555358e+00
3.080000000000000000e+02,1.026666666666666750e+01,1.354410807291666741e+00
3.090000000000000000e+02,1.030000000000000071e+01,2.108968098958333481e+00
3.100000000000000000e+02,1.033333333333333393e+01,5.778130425347222321e+00
3.110000000000000000e+02,1.036666666666666714e+01,2.041639539930555358e+00
3.120000000000000000e+02,1.040000000000000036e+01,7.235405815972222321e+00
3.130000000000000000e+02,1.043333333333333357e+01,8.996744791666667140e+01
3.140000000000000000e+02,1.046666666666666679e+01,2.860375976562500000e+01
3.150000000000000000e+02,1.050000000000000000e+01,4.861743164062500000e+01
3.160000000000000000e+02,1.053333333333333321e+01,4.542157660590277857e+01
3.170000000000000000e+02,1.056666666666666643e+01,1.877107747395833215e+01
3.180000000000000000e+02,1.059999999999999964e+01,2.720893012152777679e+00
3.190000000000000000e+02,1.063333333333333286e+01,1.309592013888888928e+01
3.200000000000000000e+02,1.066666666666666607e+01,5.680881076388888395e-01
3.210000000000000000e+02,1.069999999999999929e+01,1.074218750000000000e-02
3.220000000000000000e+02,1.073333333333333250e+01,1.080935329861111072e+01
3.230000000000000000e+02,1.076666666666666750e+01,1.392279730902777679e+00
3.240000000000000000e+02,1.080000000000000071e+01,3.553602430555555507e-03
3.250000000000000000e+02,1.083333333333333393e+01,5.661759440104166430e+01
3.260000000000000000e+02,1.086666666666666714e+01,3.738064236111111188e-02
3.270000000000000000e+02,1.090000000000000036e+01,3.879123263888888985e-03
3.280000000000000000e+02,1.093333333333333357e+01,1.652330186631944287e+01
3.290000000000000000e+02,1.096666666666666679e+01,4.340277777777777971e-03
3.300000000000000000e+02,1.100000000000000000e+01,2.257272677951388928e+01
3.310000000000000000e+02,1.103333333333333321e+01,1.003689236111111188e-02
3.320000000000000000e+02,1.106666666666666643e+01,2.370893012152777857e+01
3.330000000000000000e+02,1.109999999999999964e+01,3.694118923611111049e-01
3.340000000000000000e+02,1.113333333333333286e+01,5.828016493055555358e+00
3.350000000000000000e+02,1.116666666666666607e+01,8.521538628472221433e+00
3.360000000000000000e+02,1.119999999999999929e+01,6.837293836805555802e-01
3.370000000000000000e+02,1.123333333333333250e+01,3.214084201388888840e+00
3.380000000000000000e+02,1.126666666666666750e+01,8.289312065972222854e+01
3.390000000000000000e+02,1.130000000000000071e+01,5.001174587673611427e+01
3.400000000000000000e+02,1.133333333333333393e+01,1.562467447916666607e+01
3.410000000000000000e+02,1.136666666666666714e+01,1.995798068576388928e+01
3.420000000000000000e+02,1.140000000000000036e+01,2.057638888888888928e+01
3.430000000000000000e+02,1.143333333333333357e+01,6.363471137152777679e+00
3.440000000000000000e+02,1.146666666666666679e+01,7.297092013888888985e-03
3.450000000000000000e+02,1.150000000000000000e+01,4.344373914930555358e+00
3.460000000000000000e+02,1.153333333333333321e+01,1.312934027777777797e-02
3.470000000000000000e+02,1.156666666666666643e+01,5.154079861111111232e-04
3.480000000000000000e+02,1.159999999999999964e+01,3.964192708333333481e+00
3.490000000000000000e+02,1.163333333333333286e+01,1.358791775173611072e+01
3.500000000000000000e+02,1.166666666666666607e+01,6.384795464409722143e+01
3.510000000000000000e+02,1.169999999999999929e+01,3.785281032986111427e+01
3.520000000000000000e+02,1.173333333333333250e+01,4.486368815104166430e+01
3.530000000000000000e+02,1.176666666666666750e+01,1.436631944444444420e+00
3.540000000000000000e+02,1.180000000000000071e+01,7.492268880208333037e+00
3.550000000000000000e+02,1.183333333333333393e+01,4.006347656250000000e-01
3.560000000000000000e+02,1.186666666666666714e+01,2.195095486111111049e-01
3.570000000000000000e+02,1.190000000000000036e+01,2.854275173611111049e-01
3.580000000000000000e+02,1.193333333333333357e+01,2.346454535590277857e+01
3.590000000000000000e+02,1.196666666666666679e+01,1.820203993055555525e-01
3.600000000000000000e+02,1.200000000000000000e+01,3.431803385416666852e-01
3.610000000000000000e+02,1.203333333333333321e+01,2.903917100694444198e-01
3.620000000000000000e+02,1.206666666666666643e+01,4.833010525173611427e+01
3.630000000000000000e+02,1.209999999999999964e+01,1.374240451388888951e-01
3.640000000000000000e+02,1.213333333333333286e+01,1.404052734375000000e+00
3.650000000000000000e+02,1.216666666666666607e+01,6.596400282118055713e+01
3.660000000000000000e+02,1.219999999999999929e+01,1.864149305555555525e-01
3.670000000000000000e+02,1.223333333333333250e+01,7.679578993055555802e-01
3.680000000000000000e+02,1.226666666666666750e+01,4.780273437500000000e-01
3.690000000000000000e+02,1.230000000000000071e+01,3.883989800347222143e+01
3.700000000000000000e+02,1.233333333333333393e+01,1.107313368055555525e-01
3.710000000000000000e+02,1.236666666666666714e+01,3.216688368055555802e-01
3.720000000000000000e+02,1.240000000000000036e+01,9.053005642361111605e-01
3.730000000000000000e+02,1.243333333333333357e+01,4.993796115451388573e+01
3.740000000000000000e+02,1.246666666666666679e+01,4.215494791666666435e-02
3.750000000000000000e+02,1.250000000000000000e+01,2.955729166666666852e-01
3.760000000000000000e+02,1.253333333333333321e+01,2.840440538194444198e-01
3.770000000000000000e+02,1.256666666666666643e+01,5.611322699652777857e+01
3.780000000000000000e+02,1.259999999999999964e+01,7.340494791666667129e-02
3.790000000000000000e+02,1.263333333333333286e+01,3.888888888888888951e-01
3.800000000000000000e+02,1.266666666666666607e+01,4.934819878472222143e+01
3.810000000000000000e+02,1.269999999999999929e+01,1.569281684027777901e-01
3.820000000000000000e+02,1.273333333333333250e+01,9.337022569444444198e-01
3.830000000000000000e+02,1.276666666666666750e+01,1.689588758680555580e+00
3.840000000000000000e+02,1.280000000000000071e+01,6.370041232638888573e+01
3.850000000000000000e+02,1.283333333333333393e+01,3.934190538194444198e-01
3.860000000000000000e+02,1.286666666666666714e+01,2.679307725694444198e-01
3.870000000000000000e+02,1.290000000000000036e+01,6.260036892361111605e-01
3.880000000000000000e+02,1.293333333333333357e+01,7.257459852430555358e+00
3.890000000000000000e+02,1.296666666666666679e+01,4.003906250000000000e-01
3.900000000000000000e+02,1.300000000000000000e+01,1.059977213541666741e+00
3.910000000000000000e+02,1.303333333333333321e+01,2.334255642361111049e-01
3.920000000000000000e+02,1.306666666666666643e+01,5.864995659722222143e+01
3.930000000000000000e+02,1.309999999999999964e+01,1.626790364583333426e-01
3.940000000000000000e+02,1.313333333333333286e+01,6.434461805555555247e-02
3.950000000000000000e+02,1.316666666666666607e+01,4.396337890625000000e+01
3.960000000000000000e+02,1.319999999999999929e+01,1.692979600694444475e-01
3.970000000000000000e+02,1.323333333333333250e+01,6.733940972222222099e-01
3.980000000000000000e+02,1.326666666666666750e+01,1.223442925347222321e+00
3.990000000000000000e+02,1.330000000000000071e+01,3.951193576388888573e+01
4.000000000000000000e+02,1.333333333333333393e+01,2.418348524305555525e-01
4.010000000000000000e+02,1.336666666666666714e+01,5.083550347222222099e-01
4.020000000000000000e+02,1.340000000000000036e+01,8.065049913194444198e-01
4.030000000000000000e+02,1.343333333333333357e+01,3.763259548611111427e+01
4.040000000000000000e+02,1.346666666666666679e+01,8.504231770833332871e-02
4.050000000000000000e+02,1.350000000000000000e+01,5.309787326388888395e-01
4.060000000000000000e+02,1.353333333333333321e+01,2.823621961805555802e-01
4.070000000000000000e+02,1.356666666666666643e+01,9.988327365451388573e+01
4.080000000000000000e+02,1.359999999999999964e+01,8.330620659722222376e-02
4.090000000000000000e+02,1.363333333333333286e+01,4.325900607638888951e-01
4.100000000000000000e+02,1.366666666666666607e+01,1.093768717447916714e+02
4.110000000000000000e+02,1.369999999999999929e+01,7.864040798611110494e-02
4.120000000000000000e+02,1.373333333333333250e+01,1.740180121527777679e+00
4.130000000000000000e+02,1.376666666666666750e+01,7.398735894097222321e+00
4.140000000000000000e+02,1.380000000000000071e+01,8.530571831597222854e+01
4.150000000000000000e+02,1.383333333333333393e+01,5.062334526909722143e+01
4.160000000000000000e+02,1.386666666666666714e+01,2.686846245659722143e+01
4.170000000000000000e+02,1.390000000000000036e+01,2.198876953125000000e+01
4.180000000000000000e+02,1.393333333333333357e+01,2.654459635416666519e+00
4.190000000000000000e+02,1.396666666666666679e+01,1.937822808159722143e+01
4.200000000000000000e+02,1.400000000000000000e+01,6.738281250000000000e-02
4.210000000000000000e+02,1.403333333333333321e+01,5.425347222222222029e-03
4.220000000000000000e+02,1.406666666666666643e+01,1.603803168402777857e+01
4.230000000000000000e+02,1.409999999999999964e+01,3.735351562500000000e-02
4.240000000000000000e+02,1.413333333333333286e+01,1.334559461805555536e+01
4.250000000000000000e+02,1.416666666666666607e+01,4.717854817708333037e+00
4.260000000000000000e+02,1.419999999999999929e+01,1.311433919270833393e+01
4.270000000000000000e+02,1.423333333333333250e+01,7.626719835069444287e+01
4.280000000000000000e+02,1.426666666666666750e+01,6.155552842881944287e+01
4.290000000000000000e+02,1.430000000000000071e+01,5.915120442708333570e+01
4.300000000000000000e+02,1.433333333333333393e+01,8.935763888888889284e+00
4.310000000000000000e+02,1.436666666666666714e+01,9.692952473958333925e+00
4.320000000000000000e+02,1.440000000000000036e+01,8.295274522569444642e+00
4.330000000000000000e+02,1.443333333333333357e+01,2.796766493055555594e-02
4.340000000000000000e+02,1.446666666666666679e+01,1.738563368055555713e+01
4.350000000000000000e+02,1.450000000000000000e+01,3.040907118055555594e-02
4.360000000000000000e+02,1.453333333333333321e+01,1.112196180555555507e-03
4.370000000000000000e+02,1.456666666666666643e+01,2.025824652777777857e+01
4.380000000000000000e+02,1.459999999999999964e+01,1.015804036458333393e+01
4.390000000000000000e+02,1.463333333333333286e+01,8.651150173611110716e+00
4.400000000000000000e+02,1.466666666666666607e+01,2.175564236111111188e-02
4.410000000000000000e+02,1.469999999999999929e+01,2.387152777777777971e-03
4.420000000000000000e+02,1.473333333333333250e+01,1.026147460937500000e+01
4.430000000000000000e+02,1.476666666666666750e+01,2.457682291666666782e-02
4.440000000000000000e+02,1.480000000000000071e+01,5.316840277777777971e-03
4.450000000000000000e+02,1.483333333333333393e+01,2.474229600694444475e-01
4.460000000000000000e+02,1.486666666666666714e+01,1.610758463541666741e+00
4.470000000000000000e+02,1.490000000000000036e+01,5.763509114583333037e+00
4.480000000000000000e+02,1.493333333333333357e+01,1.658032226562500000e+01
4.490000000000000000e+02,1.496666666666666679e+01,7.849877929687500000e+01
4.500000000000000000e+02,1.500000000000000000e+01,3.987776692708333570e+01
4.510000000000000000e+02,1.503333333333333321e+01,5.071025933159722143e+01
4.520000000000000000e+02,1.506666666666666643e+01,4.859358723958333570e+01
4.530000000000000000e+02,1.509999999999999964e+01,5.163330078125000000e+00
4.540000000000000000e+02,1.513333333333333286e+01,2.439697265625000000e+00
4.550000000000000000e+02,1.516666666666666607e+01,1.680474175347222321e+00
4.560000000000000000e+02,1.519999999999999929e+01,1.564778645833333259e+00
4.570000000000000000e+02,1.523333333333333250e+01,2.007853190104166785e+01
4.580000000000000000e+02,1.526666666666666750e+01,2.016818576388888840e+00
4.590000000000000000e+02,1.530000000000000071e+01,1.698215060763888840e+00
4.600000000000000000e+02,1.533333333333333393e+01,2.096009657118055713e+01
4.610000000000000000e+02,1.536666666666666714e+01,1.529269748263888840e+00
4.620000000000000000e+02,1.540000000000000036e+01,2.389268663194444642e+00
4.630000000000000000e+02,1.543333333333333357e+01,1.519666883680555580e+00
4.640000000000000000e+02,1.546666666666666679e+01,1.661162651909722143e+01
4.650000000000000000e+02,1.550000000000000000e+01,1.650336371527777679e+00
4.660000000000000000e+02,1.553333333333333321e+01,2.961778428819444642e+00
4.670000000000000000e+02,1.556666666666666643e+01,2.116889105902777679e+00
4.680000000000000000e+02,1.559999999999999964e+01,1.372686089409722143e+01
4.690000000000000000e+02,1.563333333333333286e+01,1.501953125000000000e+00
4.700000000000000000e+02,1.566666666666666607e+01,1.676649305555555580e+00
4.710000000000000000e+02,1.569999999999999929e+01,1.219862196180555580e+00
4.720000000000000000e+02,1.573333333333333250e+01,8.682698567708333925e+00
4.730000000000000000e+02,1.576666666666666750e+01,2.127143012152777857e+01
4.740000000000000000e+02,1.580000000000000071e+01,7.890212673611111427e+01
4.750000000000000000e+02,1.583333333333333393e+01,1.438804796006944464e+01
4.760000000000000000e+02,1.586666666666666714e+01,2.818272569444444287e+01
4.770000000000000000e+02,1.590000000000000036e+01,2.243543836805555713e+01
4.780000000000000000e+02,1.593333333333333357e+01,9.653808593750000000e+00
4.790000000000000000e+02,1.596666666666666679e+01,3.276909722222222099e-01
4.800000000000000000e+02,1.600000000000000000e+01,7.082899305555555358e+00
4.810000000000000000e+02,1.603333333333333499e+01,5.837673611111111188e-02
4.820000000000000000e+02,1.606666666666666643e+01,1.049804687500000000e-02
4.830000000000000000e+02,1.610000000000000142e+01,9.948974609375000000e+00
4.840000000000000000e+02,1.613333333333333286e+01,2.796766493055555594e-02
4.850000000000000000e+02,1.616666666666666785e+01,2.254041883680555358e+00
4.860000000000000000e+02,1.619999999999999929e+01,5.810248480902777679e+00
4.870000000000000000e+02,1.623333333333333428e+01,6.435772026909722854e+01
4.880000000000000000e+02,1.626666666666666572e+01,1.654071723090277857e+01
4.890000000000000000e+02,1.630000000000000071e+01,1.018047417534722143e+01
4.900000000000000000e+02,1.633333333333333215e+01,1.001139322916666741e+00
4.910000000000000000e+02,1.636666666666666714e+01,7.571614583333333703e-01
4.920000000000000000e+02,1.639999999999999858e+01,9.131401909722222099e-01
4.930000000000000000e+02,1.643333333333333357e+01,8.808593750000000000e-01
4.940000000000000000e+02,1.646666666666666501e+01,1.010715060763888840e+00
4.950000000000000000e+02,1.650000000000000000e+01,8.412543402777777901e-01
4.960000000000000000e+02,1.653333333333333499e+01,9.867078993055555802e-01
4.970000000000000000e+02,1.656666666666666643e+01,9.774034288194444198e-01
4.980000000000000000e+02,1.660000000000000142e+01,3.735704210069444642e+00
4.990000000000000000e+02,1.663333333333333286e+01,1.041910807291666741e+00
5.000000000000000000e+02,1.666666666666666785e+01,5.866075303819444642e+00
5.010000000000000000e+02,1.669999999999999929e+01,9.115939670138888395e-01
5.020000000000000000e+02,1.673333333333333428e+01,9.367133246527777901e-01
5.030000000000000000e+02,1.676666666666666572e+01,4.707980685763889284e+00
5.040000000000000000e+02,1.680000000000000071e+01,8.155381944444444198e-01
5.050000000000000000e+02,1.683333333333333215e+01,7.228461371527777901e-01
5.060000000000000000e+02,1.686666666666666714e+01,9.450141059027777901e-01
5.070000000000000000e+02,1.689999999999999858e+01,1.210693359375000000e+01
5.080000000000000000e+02,1.693333333333333357e+01,5.519205729166666297e-01
5.090000000000000000e+02,1.696666666666666501e+01,9.442816840277777901e-01
5.100000000000000000e+02,1.700000000000000000e+01,1.839013671875000000e+01
5.110000000000000000e+02,1.703333333333333499e+01,3.813747829861111049e-01
5.120000000000000000e+02,1.706666666666666643e+01,8.124728732638888395e-01
5.130000000000000000e+02,1.710000000000000142e+01,2.229150390625000000e+01
5.140000000000000000e+02,1.713333333333333286e+01,5.770941840277777901e-01
5.150000000000000000e+02,1.716666666666666785e+01,1.541357421875000000e+01
5.160000000000000000e+02,1.719999999999999929e+01,6.472981770833333703e-01
5.170000000000000000e+02,1.723333333333333428e+01,8.479275173611111605e-01
5.180000000000000000e+02,1.726666666666666572e+01,1.026019965277777857e+01
5.190000000000000000e+02,1.730000000000000071e+01,6.673448350694444198e-01
5.200000000000000000e+02,1.733333333333333215e+01,8.249186197916666075e+00
5.210000000000000000e+02,1.736666666666666714e+01,1.304307725694444420e+00
5.220000000000000000e+02,1.739999999999999858e+01,5.436767578125000000e+00
5.230000000000000000e+02,1.743333333333333357e+01,1.066297743055555536e+01
5.240000000000000000e+02,1.746666666666666501e+01,1.173527018229166607e+01
5.250000000000000000e+02,1.750000000000000000e+01,6.186574978298611427e+01
5.260000000000000000e+02,1.753333333333333499e+01,2.813699001736111072e+01
5.270000000000000000e+02,1.756666666666666643e+01,2.202875434027777857e+01
5.280000000000000000e+02,1.760000000000000142e+01,1.041457790798611072e+01
5.290000000000000000e+02,1.763333333333333286e+01,8.773328993055555802e-01
5.300000000000000000e+02,1.766666666666666785e+01,7.441487630208333037e+00
5.310000000000000000e+02,1.769999999999999929e+01,5.181206597222222099e-01
5.320000000000000000e+02,1.773333333333333428e+01,1.210964626736111160e+00
5.330000000000000000e+02,1.776666666666666572e+01,6.099446614583333703e-01
5.340000000000000000e+02,1.780000000000000071e+01,6.985568576388889284e+00
5.350000000000000000e+02,1.783333333333333215e+01,4.482421875000000000e-01
5.360000000000000000e+02,1.786666666666666714e+01,6.475694444444444198e-01
5.370000000000000000e+02,1.789999999999999858e+01,7.213460286458333037e+00
5.380000000000000000e+02,1.793333333333333357e+01,1.802978515625000000e+00
5.390000000000000000e+02,1.796666666666666501e+01,9.657118055555555802e-01
5.400000000000000000e+02,1.800000000000000000e+01,5.709364149305555802e-01
5.410000000000000000e+02,1.803333333333333499e+01,4.533691406250000000e-01
5.420000000000000000e+02,1.806666666666666643e+01,1.938802083333333259e+00
5.430000000000000000e+02,1.810000000000000142e+01,3.275851779513888840e+00
5.440000000000000000e+02,1.813333333333333286e+01,7.999077690972222321e+00
5.450000000000000000e+02,1.816666666666666785e+01,4.711254882812500000e+01
5.460000000000000000e+02,1.819999999999999929e+01,2.283870442708333215e+01
5.470000000000000000e+02,1.823333333333333428e+01,5.078819444444444287e+01
5.480000000000000000e+02,1.826666666666666572e+01,5.583718532986111427e+01
5.490000000000000000e+02,1.830000000000000071e+01,5.312445746527777679e+00
5.500000000000000000e+02,1.833333333333333215e+01,1.394558376736111160e+00
5.510000000000000000e+02,1.836666666666666714e+01,3.089138454861111160e+00
5.520000000000000000e+02,1.839999999999999858e+01,1.792019314236111160e+00
5.530000000000000000e+02,1.843333333333333357e+01,6.213487413194444642e+00
5.540000000000000000e+02,1.846666666666666501e+01,1.436225043402777679e+00
5.550000000000000000e+02,1.850000000000000000e+01,5.775770399305555358e+00
5.560000000000000000e+02,1.853333333333333499e+01,1.444037543402777679e+00
5.570000000000000000e+02,1.856666666666666643e+01,1.455078125000000000e+00
5.580000000000000000e+02,1.860000000000000142e+01,4.128824869791666963e+00
5.590000000000000000e+02,1.863333333333333286e+01,1.609998914930555580e+00
5.600000000000000000e+02,1.866666666666666785e+01,1.832600911458333259e+00
5.610000000000000000e+02,1.869999999999999929e+01,1.457438151041666741e+00
5.620000000000000000e+02,1.873333333333333428e+01,1.500298394097222321e+00
5.630000000000000000e+02,1.876666666666666572e+01,1.777479383680555580e+00
5.640000000000000000e+02,1.880000000000000071e+01,1.487792968750000000e+00
5.650000000000000000e+02,1.883333333333333215e+01,1.509358723958333259e+00
5.660000000000000000e+02,1.886666666666666714e+01,1.398735894097222321e+00
5.670000000000000000e+02,1.889999999999999858e+01,1.639241536458333259e+00
5.680000000000000000e+02,1.893333333333333357e+01,1.575059678819444420e+00
5.690000000000000000e+02,1.896666666666666501e+01,1.413031684027777679e+00
5.700000000000000000e+02,1.900000000000000000e+01,1.538818359375000000e+00
5.710000000000000000e+02,1.903333333333333499e+01,1.624565972222222321e+00
5.720000000000000000e+02,1.906666666666666643e+01,1.429606119791666741e+00
