layout,frame,time,scale,rotationDegrees,centerDx,centerDy,centroidDx,centroidDy,inliers,inlierFraction,medianResidual,foregroundAlignedMae
1,2,0.06666666666666667,1.0,0.0,0.0,0.0,0.0,0.0,272,1.0,0.0,0.0
1,3,0.1,0.9751710967984047,-0.032622008228025724,0.5873373453185877,-6.970826641297549,0.9557908606778085,-4.986646742692642,262,0.9812734082397003,0.23345590056711785,7.45414954604729
1,4,0.13333333333333333,0.9555424187872273,-0.055536739315939755,1.4902698113694726,-12.348859072182222,2.136611951580278,-8.539184382232634,256,0.9770992366412213,0.4367358368716843,10.404329357555977
1,5,0.16666666666666666,0.9401632770509714,-0.05732100985624798,2.4151261799152905,-16.274068255526117,3.19160419786013,-10.910376693767603,233,0.9246031746031746,0.575677427544498,12.7977670403903
1,6,0.2,0.9270402144213762,-0.10360332061864298,3.1430463239435937,-18.74494919119013,4.139839660259213,-12.833764457324946,198,0.8016194331983806,0.7121462464321616,15.32547770700637
1,7,0.23333333333333334,0.916291641322084,-0.08970931849469309,3.9835761245685433,-20.559833337453938,4.701036926403049,-12.746666432056657,197,0.8008130081300813,0.8025684144225854,15.539668778481715
1,8,0.26666666666666666,0.9080459654774062,-0.11782671156764316,5.206365388024352,-21.80751842161567,5.773970956851372,-13.18755727901754,151,0.6265560165975104,0.8111344927450833,21.426869411939602
1,9,0.3,0.899130094709998,-0.2376640650354071,6.1867995472281905,-22.03648791997722,6.857713951649032,-13.625778890529602,125,0.5434782608695652,0.8184820326054456,28.518864901670206
1,10,0.3333333333333333,0.892976231833219,-0.10893300677771886,7.727918209454799,-23.120097949843682,8.051999813024082,-14.07307771421381,106,0.4649122807017544,0.7762083466094742,34.85485138268719
1,11,0.36666666666666664,0.8854279159809727,-0.032497476225201,8.65404017642112,-23.781324068696563,9.496724338840636,-13.522617646763024,95,0.4439252336448598,0.8294109196242072,40.920442331165404
1,12,0.4,0.8823012792126628,-0.044466961211693544,8.932199686015338,-24.14784083347905,9.8702073333709,-12.791252633528131,98,0.4558139534883721,0.8723366097355116,41.382324254027886
1,13,0.43333333333333335,0.8797215727472558,-0.2264739192555943,9.519111301211836,-25.340482057178235,10.90407661274537,-13.89425163580421,83,0.40487804878048783,0.8274318465320625,42.60178970917226
1,14,0.4666666666666667,0.8767961032530687,-0.22361633814301418,9.711746838623128,-26.63859738647011,11.117983414886197,-14.393828230353733,80,0.3902439024390244,0.8419583421736332,44.89093577073352
1,15,0.5,0.8710087399432489,-0.07223456727277679,9.348160919499236,-27.81459636298183,11.276962893735174,-14.489264123495389,77,0.39086294416243655,0.9061634860838208,48.921229356540806
1,16,0.5333333333333333,0.8724204135467756,-0.0810250499034552,9.65086294373981,-28.683346822589044,11.016899120385204,-17.046095641873876,68,0.34517766497461927,0.8468038745241697,49.01109591649501
1,17,0.5666666666666667,0.8855291380247244,0.14456703465618692,8.678744377827229,-25.2462248454641,12.248664958558038,-8.759481170599997,66,0.34375,1.0316269244898235,51.6132000212732
1,18,0.6,0.8720209057767105,-0.060555155699919753,7.734330272303282,-27.752464330637736,9.731125396417127,-12.932967989837493,62,0.32124352331606215,1.063983569957117,52.41108829568788
1,19,0.6333333333333333,0.8630029872264344,-0.36824188922290657,7.997442366442385,-29.888730073812837,8.425120593928398,-17.024831701528512,56,0.30601092896174864,0.9225470650307315,49.978785378748334
1,20,0.6666666666666666,0.8568696050568869,-0.12079089138728662,6.877370867121698,-31.04682385681224,8.952588212184281,-15.172169098304437,48,0.26373626373626374,0.849953063344653,55.47950376691887
1,21,0.7,0.8719601537653658,0.14348245286148104,6.269117825123601,-26.167337996806623,10.118629611529883,-8.52029941664648,51,0.288135593220339,1.0559959776730392,53.66265060240964
1,22,0.7333333333333333,0.8505886884163836,-0.15043757340082398,6.887402789447549,-29.922760096614013,9.314078921755339,-14.801618292247383,48,0.2681564245810056,0.9413117337271768,55.63153273226186
1,23,0.7666666666666667,0.8625115389040559,0.44478143972286177,5.733268305806888,-26.608166685056176,8.619535095747267,-8.228221194923663,47,0.25824175824175827,1.0246043648278762,59.0548235407405
1,24,0.8,0.8601986930711741,0.616620611257324,6.2877265249596235,-26.280882607047033,10.157895389350756,-6.492225922389537,44,0.25,1.0242233769716642,61.42641610568965
1,25,0.8333333333333334,0.8612659951210649,0.24384891513660714,7.115468119218917,-25.709119994496916,9.79418151190032,-8.26886634947499,40,0.23255813953488372,0.9975120966577782,58.96140289597358
1,26,0.8666666666666667,0.8748821496533913,0.5534423139582428,8.212928167440737,-21.45558502812446,11.950401163352979,-3.9070160003230967,43,0.2388888888888889,0.9491973128414786,58.73904696268583
1,27,0.9,0.8616491926306185,0.432945489979936,7.727317812353903,-24.555270464708258,10.828314623258109,-6.58009737838313,42,0.23333333333333334,1.018899108160468,59.42875475285171
1,28,0.9333333333333333,0.8536376261859222,-0.16281200434961976,8.61394169332192,-25.666777880579332,9.938384321695423,-10.721873445615984,42,0.22950819672131148,0.9944822559141024,58.93949059307539
1,29,0.9666666666666667,0.866395600508356,-0.23089037038532037,9.123181290545347,-23.530754590432025,12.376357688713767,-9.441101662508174,47,0.2596685082872928,0.9162251627728263,56.70403442363066
1,30,1.0,0.8629885192141892,-0.02648773410022535,10.273431948047772,-26.248772885070196,11.553379316279575,-11.676023677466617,66,0.34196891191709844,1.015653833484882,51.19153275547295
1,31,1.0333333333333334,0.8811570540897354,-0.14047141403349409,11.234472589124636,-25.690249096628747,12.262053027077428,-14.216439656733314,93,0.4305555555555556,0.8366544387690882,45.30489593019097
1,32,1.0666666666666667,0.9106344869999548,0.019827585432183433,11.15319119569972,-23.077855012370094,11.913095439864264,-11.148992155139126,123,0.5103734439834025,0.822561766347546,37.80793370300408
2,37,1.2333333333333334,1.0,0.0,0.0,0.0,0.0,0.0,497,1.0,0.0,0.0
2,38,1.2666666666666666,1.036008599118866,-0.014524985720970406,-0.39050911917163944,3.118364892428133,-0.7173922072932726,1.1774798610207995,472,0.963265306122449,0.32870658918568335,15.415823882588393
2,39,1.3,1.063541659802404,-0.048457495199782916,-0.12573610931889334,6.195762744911917,-0.905017610200872,1.834963530254015,427,0.8970588235294118,0.5302630568738158,23.055514974433894
2,40,1.3333333333333333,1.0810745236793158,-0.12896116444999736,0.7747610599890322,8.503799658770049,-0.9539819282916824,2.242194180436968,344,0.7366167023554604,0.6762776306199663,30.233989202466546
2,41,1.3666666666666667,1.0910273258285899,-0.12197256908502127,1.5687725198410476,10.584256933829124,-0.5805591918298205,4.521375666894585,326,0.7041036717062635,0.7122103280426262,31.53348464755687
2,42,1.4,1.0962519456005155,-0.11639586033214132,2.2564392684350025,12.497711485901391,-0.06584710704890995,5.439734596145513,284,0.6297117516629712,0.7272093050499402,36.35634271874054
2,43,1.4333333333333333,1.1047003675400395,-0.251417773276192,3.5413089162532003,13.564520770092713,1.3825537743324787,4.678114649291274,272,0.6126126126126126,0.8110964550725059,36.47571883369549
2,44,1.4666666666666666,1.1084948700372785,-0.1366871046693975,3.8056923583812647,14.464404241034572,0.799332024724805,6.470821727079283,248,0.5767441860465117,0.7751065393400414,40.51036961241858
2,45,1.5,1.1176144248407338,-0.3856254725545519,4.763818252311182,14.548103697093211,1.3739332830944022,4.604372152500446,235,0.5581947743467933,0.851713736754109,38.3587969924812
2,46,1.5333333333333334,1.1179822929168484,-0.4116277656285702,4.4134235938816175,14.05417145698749,-1.3027736774362495,6.037253369353266,225,0.5461165048543689,0.8274555095491993,39.9806223725778
2,47,1.5666666666666667,1.1245217991607113,-0.29388755030915037,3.637374056668989,13.863997297939818,-0.25872687836195496,4.355449622142942,213,0.5195121951219512,0.8441120310326313,40.05982438247805
2,48,1.6,1.1295020774963418,-0.38347236189864126,2.64088976582741,13.15587087416236,-1.975084541350725,2.9636862049767387,198,0.4900990099009901,0.8730203237013071,39.577850114302755
2,49,1.6333333333333333,1.130302530681392,-0.2538363608083089,0.9610767710316281,13.06347318973468,-4.993525697612199,5.49195781533399,173,0.43034825870646765,0.868608725868963,46.55385026348382
2,50,1.6666666666666667,1.1331695688217929,-0.4945615039649821,-0.5025200195489674,11.960861605813932,-7.282058553531556,2.395730834760002,162,0.40703517587939697,0.9112690482326437,47.32521646334069
2,51,1.7,1.1401720347326474,-0.32985378576147284,-2.141960639914913,12.005150202923062,-6.325636162377265,1.70428195682274,134,0.34183673469387754,0.8409793541653864,49.56601687378314
2,52,1.7333333333333334,1.1408904192123204,-0.5155924009926676,-4.05818543056813,11.891695414495814,-10.200180168559001,2.236510390589274,162,0.42744063324538256,0.8941956891577163,42.92571988726872
2,53,1.7666666666666666,1.1405186792161195,-0.5801929007461741,-6.027350879190408,12.034284614720264,-13.793751612152846,4.148016132965495,137,0.3605263157894737,0.8617618603886675,48.460532001728524
2,54,1.8,1.1495932522646715,-0.6647502330260339,-7.138453145156461,11.652047147975736,-13.764822855682098,0.2509675007476062,136,0.35883905013192613,0.9630075963273468,45.266842284989515
2,55,1.8333333333333333,1.152851423984289,-0.6114269541698792,-7.845625491753395,11.077675401770762,-13.039134379436689,0.001073747838631789,112,0.3018867924528302,0.9023068272594188,50.78267211899467
2,56,1.8666666666666667,1.1634978496131947,-0.7156630901054011,-8.084928015107295,10.773685739178404,-14.416618140732993,-2.4204654055473043,119,0.3333333333333333,0.9318268289161264,44.45101334892332
2,57,1.9,1.171584448852568,-0.8868996645989836,-4.787662377850694,9.413533716933216,-12.66397680093695,-1.9902680806850412,99,0.29376854599406527,0.8890955590257735,44.474331909993765
2,58,1.9333333333333333,1.1788200547052767,-0.8836432209503823,3.6440720442062684,8.000918165651115,-5.944820873167231,-0.1322108956138095,79,0.2564935064935065,0.9697570345663507,52.43308554360276
2,59,1.9666666666666666,1.1948241347249349,-0.9196289514486625,21.426108755674875,5.784907692948195,13.471369369478396,-11.538762265255059,66,0.2716049382716049,1.0777957128282307,60.06123139377537
2,60,2.0,1.2203697473808592,-0.9901460064455605,51.99713604463034,5.557177290993764,38.97833187718052,-7.469837680410137,38,0.2550335570469799,1.0780115372824448,61.4711742575506
2,75,2.5,0.9673112430838833,-0.6825389543776195,-19.347258690969113,-36.57376331952088,-21.226556521813933,-33.83247063101351,7,0.5833333333333334,0.5071744453940079,70.61750809181889
3,80,2.6666666666666665,1.0,0.0,0.0,0.0,0.0,0.0,337,1.0,0.0,0.0
3,81,2.7,1.0000656157484002,0.19811028882627846,0.7914105507103102,0.09058268830995075,1.1191346036655432,0.10696436801043774,335,0.9940652818991098,0.07814947673252831,8.852175796799264
3,82,2.7333333333333334,1.0003812331479522,0.3668995134429996,0.9215829897444507,0.48540162921278807,1.526598906141345,0.49671781781825075,337,1.0,0.08882914006073026,9.094915437987858
3,83,2.7666666666666666,1.0010743940492532,0.5205805398950045,0.3812617781907477,0.9389385752206749,1.2439647953488873,0.906015761044273,337,1.0,0.1168459674269437,8.835944275802255
3,84,2.8,1.002005154706421,0.6522728075610646,-0.8548809095262868,1.268833950094404,0.2417617463920294,1.1635509418169931,335,0.9970238095238095,0.15222886795545248,9.733244767378809
3,85,2.8333333333333335,1.0029114574641222,0.7540710833897354,-2.6786170096653166,1.3900807255460563,-1.3769703705230256,1.2172008006959913,334,0.9970149253731343,0.16340861830389114,10.920685988494151
3,86,2.8666666666666667,1.0029718189842882,0.8408107704439145,-4.339148685901989,1.4579761843348251,-2.8824358443085316,1.2808579930967312,332,0.991044776119403,0.16587351716352788,10.373843796179738
3,87,2.9,1.003434541064879,0.9151058372178312,-5.601242606589182,1.514786663848156,-4.013781408017138,1.3035517321828252,332,0.991044776119403,0.19350427011834112,10.672259661669646
3,88,2.933333333333333,1.0045930747739855,0.9710134695154894,-6.79130470974826,1.4509571095126148,-5.140121479676793,1.1391560926854254,334,0.9910979228486647,0.22382372758747066,11.90407409449253
3,89,2.966666666666667,1.0052341780591356,1.0261305290433784,-7.706919592111461,1.1920707871186096,-5.9584813480583705,0.8272407690135992,334,0.9910979228486647,0.21970583014388673,11.173571112095702
3,90,3.0,1.005105809120095,1.0647001783773213,-8.082975104947622,0.6769947403512333,-6.322658986716789,0.31777208883727326,329,0.982089552238806,0.24087734662612326,11.814333508446927
3,91,3.033333333333333,1.0049456666569547,1.100663445802841,-8.159918017484245,0.126273634628717,-6.289507756669622,-0.20019558506510293,334,0.9910979228486647,0.23965676693304305,12.04783655842538
3,92,3.066666666666667,1.005083816913127,1.1382163953191988,-7.946098626343627,-0.46217461043818275,-6.0568490329385725,-0.8160400778762664,330,0.9850746268656716,0.23157673681040097,11.579378750833518
3,93,3.1,1.0040190992037552,1.1722230909448759,-7.523728884889721,-1.2088814815940623,-5.575608972485412,-1.4539006987758398,331,0.9880597014925373,0.2395486924573317,11.772428154935444
3,94,3.1333333333333333,0.9987514955175067,1.2005382277576233,-7.160446219431719,-2.370661888028337,-5.185969071091449,-2.1014519701064955,333,0.9940298507462687,0.22850777652095636,11.90757161404381
3,95,3.1666666666666665,0.9870992768738271,1.246710811313461,-7.058043337551595,-4.016403842444959,-5.0712443219785825,-2.6017633096861914,330,0.9880239520958084,0.27517359667576313,12.601006391948864
3,96,3.2,0.9684637582225809,1.2721003315923336,-7.753054494226234,-6.230297452547916,-5.866987665957112,-2.9480509915554762,328,0.984984984984985,0.39117882273452464,14.421631262311665
4,101,3.3666666666666667,1.0,0.0,0.0,0.0,0.0,0.0,412,1.0,0.0,0.0
4,102,3.4,0.9638751168672394,-0.041500638024509366,-0.669823757512205,-2.586409130943707,-0.8863468631597016,-0.9007830269586066,411,0.9975728155339806,0.32189681141960014,8.845643031063233
4,103,3.433333333333333,0.9383023937631295,-0.07629341331956951,-1.1465107326934003,-3.931872346529417,-1.7188159285801703,-1.0574775937174081,386,0.9391727493917275,0.5612102679696156,12.35748289887225
4,104,3.466666666666667,0.9189020300280162,-0.17714342994281468,-1.914020941921791,-4.472096564781282,-3.2669902113544254,-1.390192610803581,322,0.8029925187032418,0.7274288170237437,15.730142122242567
4,105,3.5,0.9050479938397901,-0.2883481067854749,-2.0788404588832634,-4.518424801229344,-4.28260823652937,-1.7397646391945045,247,0.6432291666666666,0.8198120212119885,22.485192225151756
4,106,3.533333333333333,0.8898242160477139,-0.014751059918269398,-0.11770013587715766,-4.88865948171582,-1.886021147662177,1.024662988770615,227,0.6185286103542235,0.8296639672519203,25.75891700327719
4,107,3.566666666666667,0.8836886857799793,0.018570046529609353,4.12177468263593,-4.982153273423933,3.398117845967789,0.4477155979024019,202,0.5754985754985755,0.8890073365299007,33.19950528364344
4,108,3.6,0.8804032927432583,0.020086343258817058,11.23959901609527,-5.340011357520325,10.069576520509258,-0.45898968375973936,197,0.556497175141243,0.9052875110851659,43.535978699647856
4,109,3.6333333333333333,0.8836179195366,-0.036979901298721,23.775380116861015,-6.667604913905393,19.63000446342744,-3.662588816115317,171,0.5135135135135135,0.83169284583467,62.03927135838703
4,110,3.6666666666666665,0.8795548685713417,0.26626174940761727,43.19826272473637,-8.011997388979353,39.69318060118633,-4.477450217203341,167,0.5493421052631579,0.8459782703264653,80.47199466829579
4,114,3.8,0.9690878186295591,2.4316794800634822,-7.5592723570580915,18.670656821204943,-9.462001800561552,17.988016764295708,6,0.2727272727272727,0.3776754895555008,52.22957283282155
4,116,3.8666666666666667,1.0056377182205067,0.09321737929744835,-5.222572504591085,28.476207816098622,-4.598949955337275,28.890335111058278,7,0.6363636363636364,0.5099955293234184,59.00473682216075
4,117,3.9,0.9824140825987147,0.386915796460148,15.125708737302574,30.084367696111542,13.326566253032183,30.183558416363383,9,0.6,0.889724925851248,54.675449506076326
5,131,4.366666666666666,1.0,0.0,0.0,0.0,0.0,0.0,280,1.0,0.0,0.0
5,132,4.4,1.0126288676133088,0.013845539034319556,0.37569488481014446,1.1404749379149166,1.29305013796494,-0.24036410562922583,279,0.9964285714285714,0.12123827584726056,7.938170380924219
5,133,4.433333333333334,1.0223981857978441,0.03416163333950503,0.7334582880037601,1.8867815922299087,2.3868165512928385,-0.5661575688536686,278,0.996415770609319,0.2119400561213277,10.025867864153378
5,134,4.466666666666667,1.0282702822428904,0.050591165584825,1.2567521056416524,2.124748993404637,3.3454558189051227,-0.9550624506812824,278,0.996415770609319,0.2719883871322849,11.36207778226349
5,135,4.5,1.0314314969487184,0.07768960364323341,1.549822844345499,1.7751953243275693,3.9304671946004532,-1.6285060502340798,278,0.996415770609319,0.30714599154681277,11.559430796080012
5,136,4.533333333333333,1.0328498374287323,0.08720622397355791,1.5712872232074346,0.977354896901204,4.072001573887292,-2.585670962024494,276,0.989247311827957,0.36524723008860827,12.475625435260085
5,137,4.566666666666666,1.0323336670163028,0.09947285049315421,1.4408692405359034,0.12018135397579499,3.9346233339767878,-3.352948753541341,277,0.992831541218638,0.3571295941204853,13.341314804917157
5,138,4.6,1.0314648125489585,0.1181018360761468,0.9660252393104827,-0.7579399327339047,3.4176306322862615,-4.10493632936533,275,0.985663082437276,0.3759890011606258,13.450893453350783
5,139,4.633333333333334,1.031486400217346,0.12578903038516384,0.42994256141457754,-1.5537127968657956,2.915059248866669,-4.900372458992308,276,0.989247311827957,0.4004992928965073,14.559974359659197
5,140,4.666666666666667,1.0310917589578315,0.13103333466532552,-0.24891554804352722,-2.4142067835902594,2.214486965507149,-5.711934069197582,278,0.996415770609319,0.41288419708553803,14.501180465289014
5,141,4.7,1.0313060089024981,0.13171924988960562,-0.7954586661522569,-3.429438971224897,1.6601089504801507,-6.7203071617174714,275,0.985663082437276,0.42511423462291487,14.679516977906014
5,142,4.733333333333333,1.0322639835948038,0.13186757071400487,-1.1536094885226191,-4.575890996820135,1.3692713798675982,-7.965450762671026,273,0.978494623655914,0.4343642166928666,15.960654170870281
5,143,4.766666666666667,1.0343152762792802,0.12818699911491094,-1.4146563609310192,-5.44481127136396,1.2504689182399602,-9.076441026044847,275,0.985663082437276,0.4453428126227413,15.835922175687854
5,144,4.8,1.037444528228935,0.12369461259251278,-1.9207683760267287,-5.676705274982851,0.9048246539733213,-9.773850420017084,264,0.9428571428571428,0.4933840262699295,16.921049854919545
5,145,4.833333333333333,1.043805868228772,0.11616284380112163,-3.048040418629455,-4.489709482400542,0.24649119131970565,-9.363703856756047,263,0.9460431654676259,0.533453358268222,17.84047185496002
5,146,4.866666666666666,1.0550240799324768,0.11594606735741093,-4.6345209731878185,-0.7805020363485369,-0.6604660933511468,-6.412514089599085,256,0.9175627240143369,0.5754846704563377,19.697300447717698
5,147,4.9,1.0735685039905736,0.1094562011751689,-6.1729292716259465,6.781591370319688,-0.575764189335473,0.005650329427339784,227,0.8438661710037175,0.676750537721052,22.439145699239322
5,148,4.933333333333334,1.100396949437102,0.13341561105845615,-7.230116052312411,20.087424929503698,0.0014493933530843606,13.11627806502446,187,0.73046875,0.7885984973847073,28.960800909884412
6,153,5.1,1.0,-2.5783893635513924e-16,0.0,0.0,0.0,0.0,362,1.0,0.0,0.0
6,154,5.133333333333334,1.033590787366195,-0.016350013479952376,-1.0332704204942331,12.313674844576155,-1.201090406764024,7.803989364935319,355,0.9833795013850416,0.2817715219757724,10.669128313332454
6,155,5.166666666666667,1.0616190831494876,-0.00021348219126019169,-1.1589524047680015,22.14893743819829,-1.7425961331940982,13.610070180895605,337,0.9361111111111111,0.5262164500203138,15.275044503495781
6,156,5.2,1.0803298956247422,-0.006682105266138529,-0.32400993774331255,29.334295912860398,-0.608046467258788,19.022727000364455,278,0.7808988764044944,0.5992960120203152,18.107771968120208
6,157,5.233333333333333,1.0948931342219028,-0.03819476211424131,0.6856761440459138,34.87323780774551,-0.7095976590731254,21.644565460123715,268,0.7592067988668555,0.6748536325310823,20.943561726229262
6,158,5.266666666666667,1.1069764713020496,0.01729870950466344,1.4036002155889662,39.516478030585915,0.4268120646516991,24.42829462156226,245,0.718475073313783,0.7575568696135079,23.93482945678829
6,159,5.3,1.1168550187249748,-0.06679311593156392,2.068832835773719,43.721168107183814,-0.14892529163023482,26.2529621492111,225,0.6696428571428571,0.7643396948497406,24.934062677499814
6,160,5.333333333333333,1.1213614658947304,-0.05343506292017061,2.637643417409379,46.55240953078453,1.2838713768247771,29.875094269107876,200,0.6060606060606061,0.7817815735083091,29.01177615571776
6,161,5.366666666666666,1.1257145199573142,-0.10050494233452104,2.8352431120156893,48.96498858886514,1.0004714453595511,30.59722669377811,192,0.6018808777429467,0.8482971647617692,26.658762911772605
6,162,5.4,1.1320209780512447,0.004549734523548555,2.55814960694363,50.91762644694734,0.5158592398300073,31.30989533195509,163,0.5361842105263158,0.8279325677209016,31.291565336736415
6,163,5.433333333333334,1.1332323481502884,-0.0528707593583633,2.3537402087391968,52.03906174596676,-0.46248080154796867,31.242827157834427,158,0.5467128027681661,0.8366207396442449,29.19175765774471
6,164,5.466666666666667,1.1370082935598045,0.07611496813751219,2.0727927073108674,53.45074898379352,-0.5047988049924186,31.82191725806581,136,0.4738675958188153,0.8433323889615896,33.4672092137826
6,165,5.5,1.1382930929274369,0.08067269900118688,1.9127967752046686,53.95277321811892,-0.5444895904962834,31.4354476430226,124,0.44285714285714284,0.7757463457430375,36.22083195618301
6,166,5.533333333333333,1.1382935414611017,0.05608432887968181,1.8764402791441626,54.75197195724354,-0.08123962232730264,33.03673411644263,119,0.43272727272727274,0.796801270847626,34.42745954155
6,167,5.566666666666666,1.1412122989903777,-0.12989629784051182,1.4060414113972115,55.44794386256609,-2.670491347125676,31.758071273591497,131,0.4712230215827338,0.8317619397198661,31.86702343694006
6,168,5.6,1.1420548695464434,-0.031191862074718052,0.71446433193438,55.61997794008761,-2.11008445375478,32.65373728369076,131,0.4729241877256318,0.8549406942033253,32.600800877151165
6,169,5.633333333333334,1.1425962135968553,-0.04141907092672814,0.32930505555233935,55.72713767011618,-3.065019133473868,30.87882211253026,126,0.45652173913043476,0.8751897515562126,32.37141221100852
6,170,5.666666666666667,1.1428782682976628,-0.07409355635351317,0.709776076233311,55.84336282128618,-2.3350164507203885,32.410614102290026,134,0.48905109489051096,0.8831574828358332,31.68363445177325
6,171,5.7,1.1460660039525996,-0.2546810056846213,1.0787120214494905,56.357619603649596,-2.6625429273930763,32.073157036586,125,0.4612546125461255,0.8454493957226789,31.862244289022033
6,172,5.733333333333333,1.1449570492403178,-0.27955259133122357,1.8313049890831508,56.18556346455074,-5.294771187887761,32.34910466011132,118,0.43703703703703706,0.8833820644319748,37.88426610348469
6,173,5.766666666666667,1.1538282687106904,-0.36466651856942117,2.2666297342267114,59.943162579864236,-0.6271719952945034,31.554529869692033,96,0.3595505617977528,0.9271025419745936,36.58285390927096
6,174,5.8,1.1587068581648385,-0.14169693814375092,1.9282428024191063,61.97418892219275,-2.8992162686117524,32.97428658700079,91,0.35968379446640314,0.867132918635882,37.013603208480895
6,175,5.833333333333333,1.1760560885391727,-0.23035222991434476,2.572902186289923,68.6988442251349,-4.115458769019142,37.47892609632987,78,0.3277310924369748,0.8467991417749796,33.149196976854036
6,176,5.866666666666666,1.2089152303442747,0.23509690576673292,2.0976740695424496,79.35094076231525,1.0512036007247616,39.57517355803424,40,0.19801980198019803,0.9335039390089239,51.9516868798236
7,181,6.033333333333333,1.0,0.0,0.0,0.0,0.0,0.0,241,1.0,0.0,0.0
7,182,6.066666666666666,1.0198912889608012,0.00910032427437474,1.2809107482804905,0.5886232102345161,0.530230580833944,-1.822746422359785,239,0.9958333333333333,0.2621683063536157,8.419853302920524
7,183,6.1,1.035097551329309,0.02449477830624518,2.2122873287747495,0.35441779819115027,0.880083984556677,-3.7973919841086285,226,0.9535864978902954,0.4424640338344432,12.909655886753367
7,184,6.133333333333334,1.0458471496202453,0.016274743888114958,2.342899510939418,-0.07163316307480727,0.34930706844696147,-5.794719836329875,210,0.8713692946058091,0.602556937452674,17.339872647251614
7,185,6.166666666666667,1.0554160266664319,0.08070083236638674,1.8325668867639138,-0.43377321783128764,0.5566131432088071,-6.036836700446372,171,0.7095435684647303,0.7196638873714513,21.479985847387663
7,186,6.2,1.0658452709647832,0.019197300740475206,1.3451205479984196,-0.2753380005891586,-0.5721573797340511,-9.897436781637452,166,0.6974789915966386,0.7198958203059505,23.236642695110767
7,187,6.233333333333333,1.0726509131508362,0.054519461366637906,0.555621568285801,-0.7127086838181071,-0.4492495407210697,-13.15037921716808,137,0.5756302521008403,0.763590350029027,27.89351907934585
7,188,6.266666666666667,1.071850410332301,-0.05472453592311631,-0.36635287645964354,-2.1812460893775665,-3.7794670659895075,-9.27342850994529,137,0.5756302521008403,0.9150220432300809,29.97847714257983
7,189,6.3,1.0784728422505612,-0.05292946032264556,-1.0705107791006583,-1.1747455423006272,-3.581558200444505,-11.377672096132017,131,0.5504201680672269,0.7564772141436631,28.448518133689575
7,190,6.333333333333333,1.0741451624219358,-0.2022984733592857,-2.202391347603168,-2.406034196306848,-8.002019690105612,-5.727077980451384,118,0.4978902953586498,0.7826179544413854,30.002744290894835
7,191,6.366666666666666,1.0770397853245859,-0.16608675314059818,-3.0260583939367223,-2.8527057921579058,-8.31243394180376,-6.778590120441095,116,0.49361702127659574,0.8454151961560258,30.52312301986885
7,192,6.4,1.085153006966578,-0.18357138148964297,-3.0879351628159952,-2.524174666496151,-7.707553369711718,-10.765578864095517,119,0.5129310344827587,0.8645434960896409,33.286942730404185
7,193,6.433333333333334,1.0987949517567202,-0.18751900441951722,-2.818937415566296,-0.6509837729693686,-7.46604245268864,-21.15236028721995,106,0.451063829787234,0.7998541557358978,39.44884642848349
7,194,6.466666666666667,1.0889078154726397,-0.24462704240282385,-3.7911399980606006,-2.847205145525436,-9.861531112531367,-9.089708957379457,110,0.46808510638297873,0.8062577044286734,32.67321561800547
7,195,6.5,1.0950562421881327,-0.2552741120025806,-3.8269085255164725,-2.838189927666008,-9.108256176241724,-13.198288774162108,100,0.43478260869565216,0.8376442059085342,35.06601956320517
7,196,6.533333333333333,1.0992348574797,-0.3003976142502386,-3.6150800983288605,-2.2013252953714186,-8.482957224350656,-16.672140034132042,97,0.4199134199134199,0.7719071929675433,36.25642889367888
7,197,6.566666666666666,1.0959598158812696,-0.26721554560825045,-3.8728734950899195,-3.2020480442333223,-9.590388419462897,-12.217334307971157,107,0.4592274678111588,0.9529337052266542,36.13568480300188
7,198,6.6,1.098583674706691,-0.2383116635450231,-3.7289816562272335,-2.3180503775342345,-8.676830904779536,-12.326876150815906,100,0.4291845493562232,0.9129565450175405,37.080999148168566
7,199,6.633333333333334,1.0994363567158028,-0.2873440803218217,-3.7533491632554217,-0.3376298948915064,-10.652965901560577,-6.552235253205708,92,0.40350877192982454,0.88156479489976,35.572980515273834
7,200,6.666666666666667,1.1137771668816403,-0.11993872238966624,-3.0980115099853833,4.271607957732726,-8.160715642237449,-7.920286580573702,81,0.36160714285714285,0.8831178668134024,38.52025741185897
7,201,6.7,1.1327604005695462,-0.2969916319662807,-1.7855050884683692,11.076251713205409,-7.567353123143192,-11.882320941796422,67,0.3489583333333333,0.7686800087384698,42.977468423534084
7,202,6.733333333333333,1.15266552987787,-0.3104377561385686,-0.5740604225291577,20.41038397720297,-8.234587039129224,-6.329111933037751,55,0.29411764705882354,0.8287434626100484,44.28311119854424
7,203,6.766666666666667,1.181204262377731,-0.3980931110166245,1.742788083418077,34.00421830434726,-7.20824233521239,-2.3071905583523744,41,0.3014705882352941,0.7588304881169854,46.31413409581042
8,208,6.933333333333334,1.0,0.0,0.0,0.0,0.0,0.0,372,1.0,0.0,0.0
8,209,6.966666666666667,1.0326894282967212,0.05549942231080379,-0.821046330258298,17.529689301055953,-2.4284444584549476,13.490909553207757,343,0.9346049046321526,0.3436491259411995,5.792858247024269
8,210,7.0,1.0689031354468987,0.06514763856160392,-2.345041847984163,33.813296523999895,-5.9830501219625205,24.129870231968766,268,0.7768115942028986,0.6009896834867743,10.670549167327518
8,211,7.033333333333333,1.1063010829407198,0.14015535626705586,-4.023137710767401,49.30391098680212,-8.130637805392922,32.81242574050822,165,0.5481727574750831,0.69248018460575,13.340864471693862
8,212,7.066666666666666,1.1440642416912221,0.00985612509151852,-5.118685901765048,62.96464621133259,-7.414562764016978,37.08824034616026,121,0.44981412639405205,0.829135519444652,17.34664571535254
8,213,7.1,1.1742027119954488,-0.16055365856577916,-4.131451884684935,72.74025989029337,-9.812830154531696,38.6331105610879,85,0.36637931034482757,0.7787744322606517,21.918881077216398
8,214,7.133333333333334,1.2031227741692447,-0.10992807578783617,-3.863404137686757,80.37429601476339,-9.242603297249786,41.80999161905834,59,0.29949238578680204,0.8055230706621462,23.664868637229386
8,215,7.166666666666667,1.2260222714905789,0.09364027844052118,-5.6805621047353725,86.96029432263822,-9.033666936319264,39.024265652879876,49,0.2722222222222222,0.8242606782145503,24.398090719410067
8,216,7.2,1.242262502776402,0.06052267707107939,-6.27606361098475,92.2797683107326,-10.420457663301136,41.38622970822712,45,0.28125,0.9464097012601541,24.979811650594936
8,217,7.233333333333333,1.2648820969177643,-0.1905372240434924,-6.117478727944587,99.05114056914067,-8.286405690672524,37.548930395243815,34,0.21935483870967742,0.8954985381995733,29.631591173054588
8,218,7.266666666666667,1.2722802089990688,0.07174657144537043,-8.169953802819549,103.07510950211793,-11.991554753487918,47.53700703237763,35,0.23178807947019867,0.9587275977197836,26.96311509190318
8,219,7.3,1.2894513647216859,-0.08599996513772615,-8.812873916560306,109.08953411148264,-10.654187206425945,40.06495565965193,30,0.2222222222222222,0.8526705557211243,30.94564399031998
8,220,7.333333333333333,1.2956246435210064,0.12329460374939755,-12.084952678792888,112.21150113607041,-10.438154433680609,39.16651527451489,25,0.2,0.8389196333485994,31.71246040550113
8,221,7.366666666666666,1.3055192906978357,-0.07230611809781325,-11.50230805871189,116.4417726666212,-12.205559237549494,46.59573831222028,29,0.23577235772357724,0.8499537396998945,31.92205434062293
8,222,7.4,1.3060755118176977,-0.14914904230970655,-11.72801569537944,118.16766476082523,-15.475974005492844,44.085606010549384,27,0.23684210526315788,0.794690958745971,29.50598142083807
8,223,7.433333333333334,1.3068396953743513,0.06913463239252537,-13.570449767356166,119.87321472852477,-8.972385414293313,49.125687771113576,25,0.22123893805309736,0.8957357805138619,30.483825785366506
8,224,7.466666666666667,1.3081981790015134,-0.00830158349359521,-13.075235394401602,121.64173853199281,-12.591995818968712,48.31226374790708,28,0.25688073394495414,0.9699083658668431,30.254535524948718
8,225,7.5,1.316398872975977,-0.10036903317502259,-12.029277429281109,125.37914285060174,-13.736889428256774,46.373360316125115,26,0.24299065420560748,0.6965549966633956,35.075791825811315
8,226,7.533333333333333,1.3146464949056922,-0.03470418165766566,-12.432475628681914,126.50258335472165,-10.011059261745743,47.21674403171116,27,0.24107142857142858,0.9684034091034591,35.957729311999174
8,227,7.566666666666666,1.3086359794487126,-0.008215820362437662,-12.455118766256419,125.73534368972707,-14.428439125292414,52.79922477875226,28,0.25925925925925924,0.8697132750718904,30.785737950410155
8,228,7.6,1.3185658136041833,-0.13241964714594007,-11.52982925396006,129.72788409463783,-11.868472249041162,49.49509152421109,26,0.24528301886792453,0.7493855026305116,35.822445842429566
8,229,7.633333333333334,1.3179820560470095,-0.12184521520324032,-12.290731084349773,130.34295909163177,-15.045965267895895,54.270118349265374,27,0.25961538461538464,0.9565651110743644,31.980203857038045
8,230,7.666666666666667,1.31756458617308,-0.061226431678818055,-13.559339188699255,131.5194172443919,-19.70742926409065,55.012287087586486,24,0.22429906542056074,0.8928149791061709,30.559028235480213
8,231,7.7,1.3392330399977175,-0.221210563802652,-12.485565064728576,138.19836885277527,-16.063163945174722,53.07456073094818,25,0.25252525252525254,0.7537553604642027,33.75823242526798
8,232,7.733333333333333,1.3569885855057173,-0.12723691486423355,-13.497436224554491,145.76096139055346,-14.128735198481849,56.33511575229076,26,0.26,0.8249501662418307,36.17431678153389
9,237,7.9,1.0,0.0,0.0,0.0,0.0,0.0,263,1.0,0.0,0.0
9,238,7.933333333333334,1.0292891920850602,-0.03939093094450554,0.17369718891802677,3.249601027676988,0.09707665266486742,1.1755327860409466,262,0.9961977186311787,0.2265587794618089,7.118641904397218
9,239,7.966666666666667,1.0576509632581874,-0.09155380655317358,-0.36068906849357063,6.165028043533653,-0.5650399310488581,2.0592300459449007,259,0.9847908745247148,0.4268990365182906,9.857832870271425
9,240,8.0,1.0789699775694601,-0.14153531969624253,-1.1324616378742007,7.810957622451042,-1.4971182338622953,2.1337276047126466,249,0.9467680608365019,0.6043147760858216,12.944842177248734
9,241,8.033333333333333,1.0940848547055224,-0.26019584723688965,-1.549856467208457,8.978705226001864,-2.5785812747703005,-1.277556402410596,172,0.6590038314176245,0.6883867356328489,16.155902145850085
9,242,8.066666666666666,1.1002344139594349,-0.22118894797795494,-2.2378411473657707,9.563563432394176,-3.0510250033974557,2.4178222519144583,217,0.8443579766536965,0.7932782170128483,17.278824984798607
9,243,8.1,1.1067229277552995,-0.1508035975996541,-2.8026813026365858,10.184009877852645,-3.630558869621325,4.182332008597768,179,0.69921875,0.7465055341670478,19.07978602085882
9,244,8.133333333333333,1.1076366153483104,-0.3390573865037692,-3.962216278076369,11.32247171911797,-3.8273768139976596,3.9673612630435287,182,0.708171206225681,0.7145226840118546,19.976556566009073
9,245,8.166666666666666,1.1093538230159472,-0.2903161015403584,-5.130096508303012,12.40526594592609,-5.6416454719206115,4.685604905753905,195,0.78,0.798421909469781,18.905907828076483
9,246,8.2,1.108650289389724,-0.2827938798180671,-6.145974852838663,13.08918873138225,-6.793355513309564,4.310122650982237,181,0.7154150197628458,0.7692345064411158,19.429863425737746
9,247,8.233333333333333,1.110746810801167,-0.33577744068636756,-6.704007238715519,14.221454129396875,-7.350919991544458,7.5040950970038125,179,0.69921875,0.7632474028105254,19.95879793584944
9,248,8.266666666666667,1.111705454445301,-0.4555625358862084,-7.076667944758299,14.318680441404013,-7.55253414075861,7.532426394494905,176,0.6956521739130435,0.7854521629246524,20.54021693196225
9,249,8.3,1.1154509145307703,-0.38717179629007986,-6.8352116956943405,14.486492985332802,-7.819813664994285,7.931593107389347,156,0.6070038910505836,0.7821120079382494,21.70487393608479
9,250,8.333333333333334,1.115254514672489,-0.4593752718684906,-7.054781931591833,14.432413188502721,-8.310365941505154,5.6530709895417885,153,0.5907335907335908,0.7695760851432888,22.092448567487054
9,251,8.366666666666667,1.119277388763969,-0.4732126530947834,-6.957596098858517,14.021849494797323,-8.539775216798489,5.213028021776438,149,0.5797665369649806,0.837939330542245,22.001281768841
9,252,8.4,1.122003005389095,-0.49206907885688084,-6.785082078145621,13.522039901968412,-8.831500519890568,3.802694722448905,134,0.5214007782101168,0.8494641116357058,23.266935049923273
9,253,8.433333333333334,1.124367072279456,-0.5763859539848527,-6.440674212056649,13.503564775202449,-8.238607912998532,5.605061435681705,149,0.58203125,0.8311316207233822,22.577861986437973
9,254,8.466666666666667,1.1314775138262991,-0.4758753091470003,-6.242450915409279,13.520555922345693,-8.50767944247633,7.3718478507395275,138,0.5476190476190477,0.8452734231193346,22.816430482608265
9,255,8.5,1.134039912357858,-0.3791034996905611,-6.679848103116882,13.839402573727853,-7.883268330671939,9.270408047964224,123,0.4939759036144578,0.8633896440636499,26.443876051037808
9,256,8.533333333333333,1.1407837897686843,-0.6953032403049273,-8.548641827334393,14.92387454169392,-10.709028872671013,6.953927449466221,112,0.4534412955465587,0.8594363360663647,26.4287753745062
9,257,8.566666666666666,1.156362853873946,-0.6475240270876299,-11.786195274873904,16.337932128507532,-14.54679526283067,7.510941945267632,94,0.4034334763948498,0.9002767583291449,26.5560157016683
9,258,8.6,1.177030104047769,-0.4925344524473973,-16.7423259241867,18.84389914065838,-18.861359809111747,5.57156539259347,56,0.2828282828282828,0.9096111573671554,24.522958780795957
10,263,8.766666666666667,1.0,0.0,0.0,0.0,0.0,0.0,302,1.0,0.0,0.0
10,264,8.8,1.0219910362771008,-0.011115763146483389,-3.438025640485108,2.931721953589033,-4.276165368948085,0.1601749289640111,302,1.0,0.16807804542871674,6.535278711594089
10,265,8.833333333333334,1.0392540190379653,-0.01782905772424893,-6.4171802307374435,5.454438620578458,-7.882395423012355,0.4637748625971767,300,0.9933774834437086,0.3000718913106011,9.726444639651682
10,266,8.866666666666667,1.0509682463535395,-0.03375169043165852,-8.96650971001904,7.676699118428701,-10.916635406641547,0.973504713172872,296,0.9801324503311258,0.4007577981078255,12.187589917976121
10,267,8.9,1.059310305970863,-0.03259897600200259,-10.99527669120539,9.703122499300434,-13.01509308726611,2.1408800044692953,287,0.9503311258278145,0.4611859765148806,13.50485329803662
10,268,8.933333333333334,1.0638753216963477,-0.03671933414003926,-12.331897454606263,11.477825390439705,-14.505193564630474,2.4765414259690033,277,0.9326599326599326,0.5087270817254629,14.299676328589769
10,269,8.966666666666667,1.066832585565072,-0.02652320403274593,-13.114336550370467,13.487563282268411,-15.350126245576575,4.078502684120565,277,0.9421768707482994,0.5543212551167594,15.007389118812057
10,270,9.0,1.0707063013089189,0.009483544813879856,-13.558276004948567,15.546708747615924,-15.647106041972961,5.903579131680317,250,0.8532423208191127,0.5626893944268018,15.813690896259704
10,271,9.033333333333333,1.074665415441663,-0.028470959317438073,-13.895129336330342,17.26200830733262,-16.03379348090607,6.963181071030874,267,0.9112627986348123,0.6317150742590427,16.07110658972515
10,272,9.066666666666666,1.0781152690699418,-0.06359985170097389,-13.987103089998556,18.426620321410837,-16.995564065718725,7.2733453595836295,252,0.865979381443299,0.6480441622859603,16.473788157028515
10,273,9.1,1.0804885920228435,-0.06527339554130324,-14.247773430689705,19.283960005276754,-17.75695711670474,7.791863987902559,249,0.8556701030927835,0.6705038687682934,17.070548383194208
10,274,9.133333333333333,1.0827108992348355,-0.05811307465180289,-14.865805410530584,19.82597220942796,-17.589387931662372,8.240935493722588,250,0.8620689655172413,0.6662072757314177,17.026685633976623
10,275,9.166666666666666,1.0849161305466866,-0.052718704247908574,-15.20230261085186,20.087177938126842,-16.339966224927764,7.830115006199264,216,0.7474048442906575,0.6345655076178383,18.641743064650555
10,276,9.2,1.086242624862429,-0.04503714316881958,-15.171216489986733,20.19113551579659,-16.46067684342765,7.618050084577703,217,0.7508650519031141,0.6521600292154964,19.138946368601378
10,277,9.233333333333333,1.0875149551083312,-0.08807400242371904,-15.046464713949007,20.137113656907047,-17.666779138410504,7.865032985375649,241,0.8310344827586207,0.7041692719919066,17.900188547841893
10,278,9.266666666666667,1.0895156108635482,-0.08639567261933623,-15.262408958134017,20.18291955855028,-17.811896321190403,7.347661803371409,239,0.8298611111111112,0.7330959073697455,18.044022924379977
10,279,9.3,1.0896748327844696,-0.0771828490287712,-15.302824173187076,19.958642457107715,-19.026319848809578,6.847608045014169,244,0.8501742160278746,0.75499102600923,18.84757661671392
10,280,9.333333333333334,1.090874263139995,-0.09828836057344341,-15.077109406298149,20.04745957676886,-18.738823364466555,6.619675979938165,237,0.8257839721254355,0.7342791852097295,18.528251878112602
10,281,9.366666666666667,1.091724565965887,-0.10050593976541297,-14.934457328325124,20.3682000607717,-17.412890682813924,6.971099362728069,230,0.7986111111111112,0.7160242477088925,18.549360115548687
10,282,9.4,1.092946478573891,-0.09947213492910292,-14.85909702564237,20.876307226030804,-15.496862941136726,7.974889149855358,190,0.657439446366782,0.6908426031575619,20.546075028369266
10,283,9.433333333333334,1.0946684449627384,-0.09391439317866757,-14.314204754265035,21.700313244039933,-17.264771647228514,7.653435064901544,223,0.7743055555555556,0.7652429636325115,18.65617920966524
10,284,9.466666666666667,1.0968021820702174,-0.17399033891218854,-13.840193909273466,22.576941781365463,-18.870352380885038,7.420079684142252,195,0.6842105263157895,0.7066824892745723,20.365392608355915
10,285,9.5,1.1030689058927927,-0.13604331293909405,-13.94810312680525,24.642486135164688,-18.854130405354425,9.153317832968071,207,0.7366548042704626,0.7808617925068992,21.045314810814403
10,286,9.533333333333333,1.114635057066838,-0.20837009251679756,-14.266947313105078,28.08265563703327,-17.407952959595065,12.321673615732493,133,0.525691699604743,0.7528975104689141,23.582337764777414
10,287,9.566666666666666,1.1361209862888197,-0.3294369292422338,-14.438819899432247,32.70187407175496,-12.415277084314425,19.004858883929955,72,0.3829787234042553,0.7699762339434819,27.820758717421796
11,292,9.733333333333333,1.0,0.0,0.0,0.0,0.0,0.0,368,1.0,0.0,0.0
11,293,9.766666666666667,1.0274607216843863,-0.021260373234187467,-1.0995603565019962,0.40784685916133867,-0.8602325725221647,-1.645140396724912,366,0.9945652173913043,0.21791291999685536,9.103537616394592
11,294,9.8,1.0516815051282087,-0.043401765448024404,-1.921303975370705,-0.3238162567447489,-1.5896896499077116,-4.282608688560288,356,0.967391304347826,0.40674635393893854,14.166676303363207
11,295,9.833333333333334,1.070476529982731,-0.08087830443889692,-2.753506314855912,-1.5287012572910612,-2.5273038924957234,-6.932029017254763,343,0.9423076923076923,0.5681468700223626,20.383311132254995
11,296,9.866666666666667,1.0849784215963911,-0.14959868809575483,-3.433229687720626,-2.557090449039663,-4.259199040860665,-8.177266435431989,290,0.7988980716253443,0.6561643720547521,26.545960424801464
11,297,9.9,1.0954868980664978,-0.11334429710532533,-4.003903898421925,-3.384723472725568,-3.772526186709456,-9.156848093029339,266,0.7327823691460055,0.7340673105791181,28.13622091923586
11,298,9.933333333333334,1.0987757540552991,-0.23168094316634907,-4.235524557436463,-4.832459564619512,-4.832806821370639,-8.250637551332602,216,0.6016713091922006,0.736003042845806,31.92490959770981
11,299,9.966666666666667,1.1033584976740936,-0.20715254896897567,-3.902116610320519,-5.582813312228041,-4.341681706976459,-10.26149155772174,243,0.6787709497206704,0.8369859608054255,34.68316196585228
11,300,10.0,1.1053118584721957,-0.2023656947686202,-3.31439592368082,-5.653738552534037,-3.3972023890643186,-10.438463770012504,223,0.6246498599439776,0.8071664644680036,35.57268515913652
11,301,10.033333333333333,1.1078844199950264,-0.22263182964228495,-2.5480098059867373,-5.684423531586106,-3.4908967141421385,-10.688873771823808,230,0.6534090909090909,0.8513857263854099,37.638972753363895
11,302,10.066666666666666,1.1105350209329332,-0.2166788235697236,-1.5709220759798654,-5.198518011633382,-2.283914784059334,-11.06782817218948,225,0.6392045454545454,0.8505907927724209,39.24459602624389
11,303,10.1,1.1143303629867396,-0.19214571863011742,-0.7744406017097845,-4.407678545115175,-1.2957371673389844,-11.039760354268992,224,0.6363636363636364,0.9167035794398248,40.332680764613535
11,304,10.133333333333333,1.1150754719064375,-0.15970379739691573,-0.2710190622787536,-3.0497871225088033,-1.7087905654644544,-6.021593178919829,208,0.5942857142857143,0.9151104822253457,36.80204816147824
11,305,10.166666666666666,1.1234295830599945,-0.16713774833208916,0.23939890359008587,-0.427851616003295,-0.5528022234595937,-4.926822796423039,188,0.5465116279069767,0.8980365883282364,40.12562065541211
11,306,10.2,1.1350874768990546,-0.2595103699301023,-0.11180905929427354,4.603703268926438,-1.1850702900403007,-0.4932588051408402,162,0.4778761061946903,0.9597387799971515,41.43110589787764
11,307,10.233333333333333,1.147214835103202,-0.1955453155016916,-0.7954974484437685,11.706981997583455,-1.3796005541312297,3.3045021536443073,125,0.3993610223642173,0.9376403435666674,44.46275501847234
11,308,10.266666666666667,1.1642173480972817,-0.2760844484294308,-1.7076326752576847,23.14752802938466,-2.829989595086033,10.574388390076251,84,0.3111111111111111,0.8838774042879854,43.6641339884203
11,309,10.3,1.1930834399973116,-0.32039773070404143,-2.4681650975548735,39.96915272644077,0.8555161768611015,16.963670937615746,52,0.2708333333333333,0.9267001505344534,46.222561197065446
11,310,10.333333333333334,1.2448997756640343,-0.3155692754270065,-3.9749065447290945,61.9258562083553,-4.931177378880136,9.420074082735624,31,0.25,0.975538164094313,59.48357036907774
11,311,10.366666666666667,0.9581232701026692,-2.686070849777928,8.677306808118118,-33.82706416956785,1.5518913064914273,-25.009146269203825,9,0.28125,0.5151699591983956,78.62129883055486
12,316,10.533333333333333,1.0,0.0,0.0,0.0,0.0,0.0,317,1.0,0.0,0.0
12,317,10.566666666666666,1.0256627373245595,0.026256319178086036,-0.21071033127816463,8.387508466551026,-0.16454764997021698,6.368938314497882,310,0.9779179810725552,0.20332974636056647,8.571390402906914
12,318,10.6,1.0520038466532597,0.06114066381347388,0.10572040935403493,15.840617097502957,0.20907260864544241,11.775976749708093,310,0.9810126582278481,0.43474648684743167,11.972421269732145
12,319,10.633333333333333,1.0780231524712527,0.09489054388058488,0.6002932149868911,22.15365970906015,0.7123238051290173,14.091914796037713,278,0.8853503184713376,0.685909285716618,15.349914372282967
12,320,10.666666666666666,1.1028123726880918,0.11920291886351667,1.3028875872318508,26.186786647919803,1.7286512071444804,13.362302007524079,213,0.7344827586206897,0.7838537418758033,20.19666256898491
12,321,10.7,1.1204860125093223,0.13828638743872368,1.6891828556512394,28.05073884085732,2.5873911545975545,13.106810825282253,166,0.5907473309608541,0.8183099938378817,23.93251501697571
12,322,10.733333333333333,1.135760239471578,0.05753477692488501,2.11248693348125,28.390695132194026,1.422512705039594,10.299302131497484,144,0.5255474452554745,0.8205600221363365,27.710670155169286
12,323,10.766666666666667,1.1440487325558126,0.1484145712653657,2.6703273575801916,28.15885734388803,3.058580404644289,8.603594619897478,123,0.46946564885496184,0.8882471270107165,30.480375032108913
12,324,10.8,1.151688141136341,0.16666505930216247,2.987388411856557,27.208342853622923,3.22635563244404,6.471374819671041,97,0.3803921568627451,0.8215705151868211,36.33308864476282
12,325,10.833333333333334,1.1559043935499171,0.11291892143159778,3.620842108839952,27.964911465151317,2.6039010214095697,6.965124228159425,94,0.3700787401574803,0.9230777795018579,35.06077797847711
12,326,10.866666666666667,1.1538261952719804,-0.04529167815801056,4.019958041482681,27.668189287544124,2.570767968899446,10.26885307971321,80,0.3187250996015936,0.9244742439446765,38.72162134842818
12,327,10.9,1.1694327722571565,0.11941312171306712,4.040564140644051,29.686508865607834,2.576935564063035,4.015991751026661,76,0.31020408163265306,0.7896833951856305,39.78283695103483
12,328,10.933333333333334,1.1755001971358925,-0.08211593478742323,5.275930021917134,30.534462756904475,1.2384183172042071,3.1725072972373596,69,0.2816326530612245,0.9179866483513801,45.78103558912088
12,329,10.966666666666667,1.1784704741217495,-0.03354802370390809,4.868162715910785,31.63781042852395,2.0036708570511905,5.24523880779401,69,0.2863070539419087,0.9411520615892607,42.48637022958035
12,330,11.0,1.1802951250560754,-0.10073896529975244,5.186126884300052,31.974757573037095,1.7838653547597119,6.6865074429799165,63,0.2625,1.019719906348104,43.11900714892766
12,331,11.033333333333333,1.1861897672214157,0.10824756529790824,4.842705606237871,31.61355495835045,4.028960269024765,2.8787451955384995,66,0.27615062761506276,0.9245856699114521,44.909858455425876
12,332,11.066666666666666,1.1888216398204092,-0.1271830044503711,6.103431511773692,31.705132438096427,3.2557433977569303,3.3983167013496427,62,0.2594142259414226,0.9639467421687513,46.488463911165944
12,333,11.1,1.1942754716601387,0.060241065529983664,4.924246387523738,31.885747775364052,3.565142081051988,1.6910361963244895,62,0.2616033755274262,0.9411251709020576,47.88345652334062
12,334,11.133333333333333,1.193541861902055,0.04673876590591507,4.644880823686037,31.31630330917966,3.0975505164875585,2.253984131329503,60,0.2553191489361702,0.8751905233391806,46.452294030587076
12,335,11.166666666666666,1.1970236186174443,-0.22478314602983213,4.558173620460195,31.550041204864158,2.592875375090159,1.3733299085756698,53,0.22268907563025211,0.857628380818266,48.18486779462389
12,336,11.2,1.1963277450943348,0.020257641544102475,3.455571436576065,30.258746519359363,2.3963166505432696,-0.5442174945497413,60,0.25,0.9532597218488024,49.021734357848516
12,337,11.233333333333333,1.1947997662092549,-0.06275256226394485,3.214936209367778,29.200816271960946,1.8305815448423743,-0.8449742171670209,57,0.23949579831932774,0.8352736540667448,46.55299663630337
12,338,11.266666666666667,1.195775465065101,-0.25979434882414093,3.705930777101912,28.65417021343592,0.4891215193114249,-0.868557630189855,61,0.25523012552301255,0.9411172994181338,47.67596989844378
12,339,11.3,1.1940783391951857,-0.11260827115288027,2.0500317461338113,27.153605831964057,1.1065635166420975,-2.440842582147866,59,0.24789915966386555,0.8423485849548626,47.8853545071486
12,340,11.333333333333334,1.1888849585808763,-0.25244085600020655,2.1635372241573236,26.008362846408943,-0.6852217995476622,-4.011607908213762,63,0.2625,0.8101541571086435,47.72255586082812
12,341,11.366666666666667,1.1699904089856643,-0.3179281834576364,1.7533185394578084,22.835494832570703,-1.6168767446174854,1.2599234790939136,71,0.29831932773109243,0.9287961796580727,44.46146475689753
13,346,11.533333333333333,1.0,0.0,0.0,0.0,0.0,0.0,285,1.0,0.0,0.0
13,347,11.566666666666666,0.9660684982695192,-0.03332146519365626,2.6130467149591254,-1.4739301567753955,2.2300745674666587,0.3385089807059103,283,0.9929824561403509,0.28390750092341027,6.683243387047735
13,348,11.6,0.9390620642910381,-0.053357901641058254,5.079696376511265,-2.7796524523238872,4.437213777706177,0.46354793836593444,274,0.9647887323943662,0.5081617539207384,10.343601937164536
13,349,11.633333333333333,0.9192570314740579,-0.08293929096032042,7.15965135972607,-3.4526720713352006,6.262587557705558,1.1491333384102518,256,0.9175627240143369,0.6720287407651793,15.223782038739973
13,350,11.666666666666666,0.9049835868243145,0.007627067486053064,9.14128627826571,-3.4400749281186904,8.465812884726716,1.4406631530061986,201,0.7282608695652174,0.7263668463906309,25.421349935464278
13,351,11.7,0.8955234545623202,-0.0073665678189893955,10.280006103906885,-3.3755234938553826,9.388089397523345,1.9252610129746586,185,0.6902985074626866,0.7803001429480966,30.96725107027405
13,352,11.733333333333333,0.885682366718711,-0.06675653842420744,10.766756581326177,-3.771347438701696,9.090021275842844,2.146840502822272,166,0.6311787072243346,0.8895621981478159,31.827109247281257
13,353,11.766666666666667,0.8785268618006419,-0.09152231229859109,10.506630330399929,-3.028674889750903,10.473375686016936,1.4502421002601977,138,0.5369649805447471,0.8519245901922539,40.19438518297074
13,354,11.8,0.877471106627853,-0.08496614536566695,9.789700283045903,-3.0777687072130675,8.661661570200408,2.8206992470350656,134,0.5234375,0.8633564507817126,40.543503701284564
13,355,11.833333333333334,0.8725620786811054,-0.07896158647690274,9.229844215264364,-2.951296728813986,8.76924196612515,4.477247609427309,125,0.49019607843137253,0.8522751508627953,42.68713854411271
13,356,11.866666666666667,0.8701314836262093,-0.06012708150210701,8.352230774394855,-3.5210731361145235,5.846320259196318,1.4234852660038086,111,0.4457831325301205,0.8934887352061529,42.52495168044669
13,357,11.9,0.8643172818790168,0.12787701565814394,8.397213336717073,-2.9548576397958755,9.383745008224821,2.8310323644275854,95,0.39748953974895396,0.8167010459054863,48.373349716347285
13,358,11.933333333333334,0.8605808410522264,0.07389826532712677,7.805243198732455,-4.161782252151795,5.94420224806197,5.097015304004572,97,0.40756302521008403,0.9270399597391032,43.953737732990845
13,359,11.966666666666667,0.8568954404217916,-0.014237853745178951,8.0041117589397,-4.4954803551253235,5.957540742508286,4.070421989187025,99,0.41422594142259417,0.9131974629804382,44.866181761301426
13,360,12.0,0.8579101775457205,0.011450737650547861,8.051886434195012,-4.258384708683764,6.585488847438455,2.7839448223311365,100,0.4291845493562232,0.9236269808702875,48.79485053062599
13,361,12.033333333333333,0.8599429373832936,0.052228940432239086,8.127491696329372,-4.8427745855952935,7.0605910809727845,2.060219254359197,103,0.44206008583690987,0.8614616762842754,46.66818300653595
13,362,12.066666666666666,0.857558890805135,-0.03823925479932419,8.083377240293458,-5.470968547948075,6.445338826997499,1.6402261877809678,97,0.42358078602620086,0.9424581020017304,47.06200229011607
13,363,12.1,0.8552582229717438,0.04710326012812823,8.271881141285633,-4.748809711163062,7.862714283448497,3.917472448358126,85,0.38461538461538464,0.8626909600565166,53.96963670449939
13,364,12.133333333333333,0.8516153380983753,0.04310966446934966,8.556936758713874,-5.12811592654441,6.541741579609607,2.7380682995082566,84,0.3888888888888889,0.9681193818996833,52.68771188584729
13,365,12.166666666666666,0.8492174660505258,0.07150756422605617,8.191020238974914,-4.632713195466067,6.27678808072983,3.749622797377924,82,0.37962962962962965,0.9286673404991321,55.80442537480979
13,366,12.2,0.8444357586895371,0.08450709383493032,7.604530074097482,-4.017457531299613,6.984024254751631,5.500140542654265,69,0.32857142857142857,0.9353107228225869,60.63875429155811
13,367,12.233333333333333,0.8427245698242954,0.16259130886528536,6.689920652578451,-4.9417545000168275,2.6819713046344305,2.937988684779725,67,0.3175355450236967,0.9941927591519222,57.8413307192746
13,368,12.266666666666667,0.8373619147910862,0.022836626537272652,5.729384513622051,-4.936306783719203,3.344511215807472,6.3132551345376555,72,0.34285714285714286,1.039312945731187,58.561864375888504
13,369,12.3,0.8431296788997862,0.01899922897131117,4.297813845759919,-3.7771936547795804,2.2137092723689022,5.806692666907111,71,0.34134615384615385,1.0439466132698907,62.75024767427812
13,370,12.333333333333334,0.8385095833916703,0.1213892049733411,3.4505003653114272,-4.25366748402007,0.06641641232039319,5.0428041479189005,70,0.3333333333333333,0.9418624989496668,62.00432183245696
13,371,12.366666666666667,0.8400979582391779,0.1956821244979441,1.7799667036454139,-4.554583403967456,-2.5165619803079267,4.770104660597667,64,0.30917874396135264,1.000934126845948,61.688747950226684
13,372,12.4,0.8402907341719548,-0.06274746778465073,0.6272799122472179,-3.996471280034825,-2.2788423461581147,4.507140237935914,72,0.35294117647058826,1.0798057515539892,63.35470722616328
13,373,12.433333333333334,0.8343351352838493,0.18112851354731851,0.2815626012157395,-3.918395588304577,-1.7940458868582994,7.786227146430178,60,0.2898550724637681,0.9291953022969566,64.94991556148659
13,374,12.466666666666667,0.833888773576718,0.31293034335419473,0.8396824686873288,-4.727869659969997,-4.113136250169475,4.653480527927172,62,0.2980769230769231,1.0336995377580471,63.73040599862373
13,375,12.5,0.8394412792988202,-0.3751889391621764,1.1806838962704092,-3.03542998813316,-0.8412784451607536,5.734827644257109,62,0.2980769230769231,0.9811834386331908,68.80843736041564
13,376,12.533333333333333,0.8353941384150566,0.1274945148102885,2.1573259791213104,-5.173009964504672,-1.2869523720771099,4.211561913824994,69,0.32701421800947866,1.0509382194594077,62.16228999772485
13,377,12.566666666666666,0.8365063959973024,0.24968383405515313,3.6281854769293034,-4.965724917843545,-0.31578975652632835,3.513494784779823,64,0.3047619047619048,0.9514410525501262,62.659890352710725
13,378,12.6,0.8326242282170031,0.1644568390460818,4.544458013814221,-6.228362393294844,1.394275481070565,4.98004267319476,66,0.3235294117647059,0.9806184775458413,62.58373467470538
13,379,12.633333333333333,0.845350623358895,-0.3022490515971284,5.879461271451532,-4.995027199941035,2.2335291725215143,2.9218886297992412,63,0.3058252427184466,0.9993526908338516,63.5818562135758
13,380,12.666666666666666,0.8397698100754525,-0.10606346834383688,6.7489256779289235,-6.140905613026916,4.063181156015389,2.1658666315985897,70,0.33653846153846156,1.0324563151112809,60.568383831044585
13,381,12.7,0.8384238946574017,0.24594189295237068,7.815717454456859,-6.5161845488298695,4.377792495351571,1.6291117841686287,67,0.32524271844660196,0.9506472726829802,60.90877742946709
13,382,12.733333333333333,0.842750339629181,0.09400156450161336,7.893926554322718,-6.746700039632742,6.130782212601218,3.6199904298379124,67,0.33668341708542715,0.9442128562072265,60.828202097978775
13,383,12.766666666666667,0.8440789057742056,-0.021021119232743544,8.445432357205618,-7.6018562302713235,5.881841008251513,2.081461930051205,66,0.3157894736842105,0.9789472991173646,58.815751231527095
13,384,12.8,0.8444959050680144,0.10393444887657309,7.964967664184002,-7.32891537546044,6.729267328121296,3.3971673866263927,64,0.3106796116504854,0.9139478532835246,60.19801021845939
13,385,12.833333333333334,0.8404876968242642,0.0431299773133255,6.814443662684965,-7.7793328942863695,5.168873813626959,2.166552126444458,71,0.3397129186602871,1.0363220393546753,59.77882875772551
13,386,12.866666666666667,0.8460563030934538,-0.131347418003864,6.708497331160174,-6.569053156170128,5.479922483892352,3.2984404787781045,64,0.3047619047619048,0.8695362450440984,60.07988416182985
13,387,12.9,0.8357049385306867,0.03481784179431339,6.006235569198964,-8.072230264609402,3.618723974777822,4.163522564144898,63,0.3058252427184466,0.8751982697250347,58.3113696969697
13,388,12.933333333333334,0.8388892671997146,-0.030651256501546244,5.1792565831464685,-6.663494099929267,2.555009705821419,3.78413149603648,65,0.31100478468899523,0.9770367625465737,61.1298469264571
13,389,12.966666666666667,0.8395110601067193,-0.29718910649457275,4.519723694006359,-6.322091135222138,1.7909307618930939,4.647603839161491,66,0.3188405797101449,1.0708375578351568,65.00300996153938
13,390,13.0,0.840273636539443,-0.010894942592538351,3.874723499833351,-7.108465969176734,1.100489118433984,2.2811306997012366,71,0.3397129186602871,1.025052963986741,59.17252474040852
13,391,13.033333333333333,0.8464686557848625,-0.041301632413703916,3.0541294939199872,-7.761123459803343,0.7813019403312751,-0.7506570947792852,82,0.36607142857142855,0.9665960172789181,56.1281778866585
13,392,13.066666666666666,0.844751422250246,0.03841732204621643,2.6569053357857797,-8.932884398636645,0.26348145515140686,-0.5571660199544795,75,0.3440366972477064,0.9633077077962625,55.97797977530892
13,393,13.1,0.851965954591423,-0.11041737395179636,3.585863810379749,-9.093084159495163,1.4957264145940599,-0.6210398721187858,87,0.3936651583710407,0.9904233294499367,52.707636056813385
13,394,13.133333333333333,0.8539418834645063,-0.3247448611124294,3.5533084718114196,-9.867290565754388,2.1468112788701603,-3.8288082316834107,80,0.37209302325581395,0.9693065054599794,53.31880049680534
13,395,13.166666666666666,0.8504588201457185,0.09793981290278815,3.6334040210438445,-10.33030701085778,3.5258706505858015,-2.4428872808458664,82,0.37272727272727274,0.954307891951564,53.966394360462154
13,396,13.2,0.8492736902256863,0.0953543327062449,3.796592189729097,-10.834183067229617,3.0548452115220925,-3.0167521797478116,86,0.39631336405529954,0.9145847384231616,53.48196954857092
13,397,13.233333333333333,0.8510903666092675,-0.24327817812050617,3.937652209572093,-10.702061462660254,2.8009332546568544,-1.259361406296705,88,0.4,0.9370396189473869,54.355203476183824
13,398,13.266666666666667,0.8535348645580514,0.0296657804338903,3.602615952862095,-11.269865110396779,2.1223707312126123,-3.905846285527616,93,0.4189189189189189,0.9618536845598561,49.78931115464961
13,399,13.3,0.8581514337469704,0.10968911943050925,3.6529845759905584,-11.535177097385315,1.752174310483639,-1.937915818896272,77,0.35,0.882000970242227,49.41472582934651
13,400,13.333333333333334,0.8553040205084516,-0.08324656008156381,4.364610304869217,-11.962900211330862,3.320297960260717,-3.2761099586853106,87,0.38839285714285715,0.9013099465916182,50.10569137390988
13,401,13.366666666666667,0.8592724928110521,-0.20412441663668723,4.713407510189256,-13.248569209125378,2.383901775845004,-6.937068040425743,86,0.38222222222222224,0.9398808108297274,48.639912886433656
13,402,13.4,0.8523120662101894,-0.28864665160875547,4.8310440227921845,-12.982387605099348,4.089691725420465,-6.146365734786855,82,0.36936936936936937,0.8657348761470358,53.42315622318696
13,403,13.433333333333334,0.8553757597512759,0.023718059386202927,5.144460176058487,-13.681447406583288,2.769101278928588,-5.637013037513725,91,0.4099099099099099,0.9962250205651445,49.412336130047194
13,404,13.466666666666667,0.8473026580006433,0.12594432848522266,5.20691733661414,-14.863884990943745,2.101521736717075,-5.646700210985841,86,0.38565022421524664,0.9794612824315765,46.29979158525466
13,405,13.5,0.8518551458254212,-0.4036775598231167,4.890421766401317,-13.898057372193989,3.1289382644987995,-6.912557914406477,80,0.37037037037037035,1.0072332945067548,53.78184009127386
13,406,13.533333333333333,0.8467485702333515,0.020140318905624753,4.71334703148986,-13.756386626271365,3.2480291529454064,-3.9541639609240633,70,0.3286384976525822,0.8976398204859644,55.561647468929976
13,407,13.566666666666666,0.8354530940769285,-0.031028813087488203,3.8139892123468826,-13.720447517719549,1.4103808262027542,-4.733319410691024,70,0.3431372549019608,1.0517382751183426,61.22341482325007
13,408,13.6,0.8112453597287708,0.1573159509717403,3.1790397880062926,-13.824671277259824,-0.050644261648699285,-2.9198890828791377,57,0.285,1.062656288240606,72.72377888861492
13,409,13.633333333333333,0.8126064438472842,-0.22932039128377424,3.157141904412697,-11.614329026566622,1.8941351006203604,4.115956120111491,32,0.2077922077922078,0.916475976467356,81.81997698553997
