layout,anchor,lastHeldFrame,reliable,tracked,inliers,relativeScale,rotationDegrees,centerTranslationPixels,medianInlierResidualPixels
1,6,42,True,217,213,0.9663,-0.0521,"[7.215, -8.077]",0.2587
2,55,73,True,278,278,1.0265,0.0045,"[-0.594, 4.326]",0.1848
3,86,117,False,13,9,1.05608,0.023,"[-58.115, 2.008]",0.3725
4,130,149,True,109,91,0.96331,-2.3188,"[-31.844, 0.767]",0.4956
5,162,195,True,269,217,1.0438,-0.033,"[7.124, 12.696]",0.5919
6,208,231,True,139,117,0.91113,-0.3999,"[0.91, 9.888]",0.5738
7,244,274,True,124,124,0.99901,-0.0446,"[5.413, 3.521]",0.0859
8,287,327,True,297,296,1.04397,-0.088,"[-0.634, 12.287]",0.3266
9,340,354,True,101,62,0.91346,-2.5395,"[3.244, -7.036]",0.7649
10,367,388,True,206,195,1.0697,0.0731,"[-5.493, -3.549]",0.4643
11,401,428,True,211,202,1.01618,0.4868,"[9.169, 4.046]",0.2466
12,441,464,True,231,229,0.95551,0.1197,"[-0.51, -3.809]",0.2774
13,477,509,True,300,295,1.02479,-0.0735,"[2.343, 0.884]",0.2441
14,522,544,True,217,214,0.9826,-0.2912,"[0.219, -4.16]",0.1473
15,557,585,True,300,300,0.9737,-0.2648,"[2.723, -10.601]",0.2063
16,598,620,True,299,298,1.04273,0.0866,"[3.824, -1.309]",0.2677
